9b900933-f1e3-4b1f-90b4-c1ce0ee387d6,THIRD,Flashset,Cats Don't Dance,Animation|Children|Musical,4/8/2024
d7ab922d-7ad6-4080-8ae3-e20d67209656,FIFTH,Bubblebox,Old Boy,Mystery|Thriller,1/1/2024
83f42772-2373-4f22-aeab-00074a644839,SEVENTH,Bubbletube,Daffy Duck's Movie: Fantastic Island,Animation|Children|Comedy,10/10/2024
216c0aa1-f990-491b-86c8-f38d110db729,SEVENTH,Pixoboo,"Liar's Autobiography: The Untrue Story of Monty Python's Graham Chapman, A",Animation|Comedy,8/19/2024
9ebe2bd1-b67e-400b-b53e-5235d4386108,SIXTH,Shufflebeat,Driving Miss Daisy,Drama,10/11/2023
b0c71407-d62b-404f-8b25-a6e43ddf496e,FOURTH,Fatz,"Betrayal, The (Nerakhoon)",Documentary,3/17/2023
f2fe5b50-4c9d-48ac-9c6d-ae84321bc440,NONE,Fatz,Trouble the Water,Documentary,1/18/2025
cb5f3a84-44d6-4a3a-8605-254fd8f4c71e,SEVENTH,Brainbox,Get Over It,Comedy|Romance,11/5/2024
cfea23ac-67e5-44d9-bc77-35ef049fe1d0,NONE,Brainverse,Firaaq,Drama,8/25/2023
31db6f6b-2c60-4f7d-a7db-8b9e236e4886,NONE,Ozu,Two Family House,Drama,5/6/2023
aa57d46f-8d4f-40f4-adcb-588fb8510c69,SEVENTH,Buzzbean,Prospero's Books,Drama|Fantasy,6/12/2023
f3fa626f-c915-486b-8810-d4804b0e5d85,NONE,Midel,"Emperor's New Clothes, The",Comedy,10/24/2023
57a0b9f1-3710-4bbf-a9f4-1d0f9e844761,FIFTH,Skyvu,Home Movie,Documentary,8/22/2024
ba83b6b4-30cb-4799-9d12-f188d8d1e9c6,THIRD,Jabbersphere,Andrew Dice Clay: Indestructible,Comedy,8/23/2023
4113174e-cbfc-48e7-befa-c88592d715be,SECOND,Mynte,Corn on the Cop,(no genres listed),7/23/2023
8ba09bbc-86da-4bad-b0a2-a1d1a647e9f0,NONE,Realbridge,Hostel: Part III ,Horror|Thriller,6/20/2023
53f633ac-97de-4b98-8dfb-193160c96916,THIRD,Skinte,Kalifornia,Drama|Thriller,3/5/2023
4014caf9-2ee9-4085-88a3-a5db60e03c76,THIRD,Kwinu,Separation City,Comedy|Drama|Romance,7/29/2024
2a5f8b67-67fb-4824-ae56-30c83125cda2,NONE,Yozio,Mina Tannenbaum,Drama,4/4/2024
568f050f-11f6-4dac-ac6b-f65b2aa69e8e,SIXTH,Kayveo,Stay Hungry,Comedy|Drama,12/20/2024
87ca6303-266b-4684-b0a4-3ebe26a2f1d7,FIRST,Wikizz,Model,Documentary,1/16/2024
f9a0b035-0799-419d-85ff-00b2065a3e21,SIXTH,Skyble,"Man Who Loved Women, The (Homme qui aimait les femmes, L')",Comedy|Drama|Romance,9/22/2023
d95db452-087e-48dc-95c2-2aa44028c3c0,FIRST,Quamba,"Bikini Carwash Company, The",Comedy,6/17/2024
f6bf8eba-1be2-419f-91d8-52d848bdfab9,FIFTH,Skimia,Frank,Comedy|Drama|Mystery,10/13/2024
88e769f6-d4b9-497f-874b-486f20b0c6a9,FOURTH,Oyondu,Night Moves,Drama|Thriller,8/8/2023
a6d09201-05c7-4c9d-b97e-c08f39bf5a78,SECOND,Jaxspan,10.000 Km (Long Distance),Drama|Romance,3/14/2024
1788c97a-3d06-4a6e-a2fa-25dceab48275,NONE,Meejo,"Next Man, The",Action|Thriller,1/13/2025
4b56a921-e8d5-4e4d-a430-ec5dda669cbd,FOURTH,Brightdog,Stop-Loss,Drama|War,5/28/2024
9d3f30c9-afc3-43fc-b9f5-0ac2cc88c95a,SIXTH,Kimia,"Me, Myself & Irene",Adventure|Comedy,11/22/2024
d9c7b568-a1ea-4f80-91cc-a95b1ff61bc2,FIRST,Rhycero,Once My Mother,Documentary,9/10/2023
42890d54-4d8c-4013-ac51-cd0816b7ebdf,THIRD,Oyope,I'll Be Home For Christmas,Comedy|Romance,11/14/2023
04f03725-80ce-49b3-8630-9d460b82224f,FOURTH,Flipbug,"Jeffrey Dahmer Files, The",Crime|Documentary,10/31/2024
18a80315-1e8f-4cd4-b8c9-ab61a8dcc55a,SECOND,Zoomdog,Starship Troopers 2: Hero of the Federation,Action|Horror|Sci-Fi|War,7/18/2024
1c74f5a6-ee80-4216-940f-5a4d158c36d6,SIXTH,Yakijo,The Chase,Crime|Drama|Thriller,8/14/2023
92fb0e8b-620f-4b27-9be3-8e2f301c32ac,SIXTH,Browsezoom,Season of the Witch (Hungry Wives) (Jack's Wife),Drama|Horror,6/6/2023
a80d2efa-00be-4d5d-aca3-ab84fa7668aa,FIRST,Youspan,Six Days Seven Nights,Adventure|Comedy|Romance,7/13/2023
4196ca0d-af67-4ebb-92e6-65e916276c6f,THIRD,Yakidoo,"Second Civil War, The",Comedy|Drama,11/23/2023
e6a79bd5-0a2a-4614-a3cd-14ddc49b722d,NONE,LiveZ,Mad City,Action|Drama,7/5/2024
ad066531-cb63-48e9-9583-75cdded41aea,FIRST,Zoomcast,"Flying Swords of Dragon Gate, The (Long men fei jia)",Action|Adventure|IMAX,2/16/2024
55c89747-5d8e-4b6f-a51b-ec2dbe33b1c9,THIRD,Brainbox,Monday Night Mayhem,Drama,6/24/2023
6d6c95d0-f2f7-4a5d-9f41-bfa24fd76a71,SECOND,Quire,Maximum Risk,Action|Adventure|Thriller,1/29/2025
dadde030-e64d-4055-b43a-25c58323960c,FIRST,Twimbo,Making 'The New World',Documentary,4/10/2023
15774fa4-7af4-4abe-bc46-121fdd041d10,FOURTH,Flipstorm,Holiday Wishes,Children|Comedy|Drama,7/30/2023
fc69134a-a566-415a-a91b-c31862937416,FIRST,Reallinks,"Legend of Leigh Bowery, The",Documentary,12/5/2024
dd7c9796-88ed-4161-9112-ae1d73dfa0aa,FOURTH,Skinder,Infernal Affairs III (Mou gaan dou III: Jung gik mou gaan),Action|Crime|Drama|Thriller,2/23/2024
8143d983-e131-483b-ac8c-539445844a69,SIXTH,Tanoodle,"Queen and I, The (Drottningen och jag)",Documentary,8/11/2024
19077ef1-0c99-46ec-8081-133c9003e587,SEVENTH,Demivee,Little Ashes,Drama,5/26/2023
7d76667a-b842-4af1-aee4-cd4b309536a7,SEVENTH,Kaymbo,Maîtresse (Mistress),Drama|Romance,10/24/2024
ab9016cc-1879-4be9-aeec-3fc793bd2e3c,SEVENTH,Avamm,Losers' Club (Kaybedenler kulübü),Comedy|Drama,1/5/2025
665c59c7-fb4e-4987-aafc-4c57a1bf53cf,FIRST,Vidoo,"Black Watch, The",Adventure|Drama,10/7/2024
7592fd56-3bc4-4692-87d3-7624672a13d8,NONE,Fiveclub,Stardust,Adventure|Comedy|Fantasy|Romance,8/4/2024
0c942bc6-f274-4690-a6c6-3762b4fa68ad,FOURTH,Zoomzone,"Boxtrolls, The",Adventure|Animation|Children|Comedy|Fantasy,5/5/2023
d9e89c98-0823-4bb3-8671-88f44daea296,SECOND,Gigabox,Venom,Horror|Thriller,9/17/2024
1288a6e5-b943-474d-9952-777f87819fc5,FIRST,Leexo,Child Bride,Drama,7/24/2024
c6afc6f1-8c74-481e-a912-0e0b0a6e6007,FIFTH,Talane,Starsuckers,Documentary,10/26/2024
7c7bb837-4279-4f8d-9cd4-a336b75d0d93,SEVENTH,Izio,Crazy Kind of Love,Comedy|Drama|Romance,3/23/2024
7922ee27-33ad-4d5e-8caa-af864f0e9ba2,FIRST,Youfeed,"Streaks, The (Pregi)",Drama,7/28/2023
c29389d4-035e-4bc8-9b51-e7418a3e855b,NONE,Thoughtmix,Pirates of the Caribbean: On Stranger Tides,Action|Adventure|Fantasy|IMAX,10/20/2023
ae7687dd-5292-49bf-a84f-2bd1bf557fa3,NONE,Zazio,"Hunchback of Notre Dame, The",Animation|Children|Drama|Musical|Romance,1/27/2025
b48e2100-4dbd-4e40-ad30-58c006b3cd5a,FOURTH,Skidoo,Extremities,Drama|Thriller,6/6/2023
d5d13405-a222-4e04-8319-2e63190f4116,FIRST,Abata,1987,Comedy|Drama|Romance,3/24/2023
e883f139-3d28-4ddb-aba9-61f0f58c5766,NONE,Chatterpoint,Maria (Mariya),(no genres listed),9/12/2023
0635f44c-0ba8-4f55-9521-17a54db9b4d0,FIFTH,Thoughtstorm,Among Wolves (Entrelobos),Drama,10/8/2024
f454b24e-def7-4385-b575-5e51202624ed,NONE,Kwilith,No,Drama,3/21/2024
7dbfc24e-de0d-4f82-ae79-ce743636fbf5,SEVENTH,Thoughtstorm,Flirting,Drama,11/24/2023
ef8dbf66-c423-4258-aaaf-7bc6d527a931,SIXTH,Digitube,"Cucaracha, La",Thriller,1/2/2025
ebbe91fe-4313-41d8-bada-3fbdab344d4e,THIRD,Lazz,Once Upon a Time in Mexico,Action|Adventure|Crime|Thriller,10/22/2024
d9a6ba28-f503-4426-944e-202f7d2c1782,FOURTH,Thoughtblab,"Adventures of Food Boy, The (aka High School Superhero)",Comedy,12/18/2024
35464814-1b50-49a4-ae58-f01e631e2ae5,SEVENTH,Innotype,"Son of No One, The",Action|Crime|Thriller,8/10/2024
82ada040-5430-45cd-b82d-a92a503be1ac,FOURTH,Agivu,Promise of the Flesh (Yukcheui yaksok),(no genres listed),10/11/2023
45445949-ce36-412c-8822-cc578f67b2b4,FIFTH,Chatterpoint,Dream Land,(no genres listed),1/28/2024
7d83fb88-63d8-4e4a-a9e0-2ac5e09fdf92,FIFTH,Linklinks,"Hunter, The",Thriller,11/29/2024
fb9b31c3-2f92-4927-abf0-d4c39831c5ff,FOURTH,Yoveo,Bliss,Drama|Romance,11/5/2023
4be290fc-7f7a-48ab-827a-0796b7621417,THIRD,Gevee,Hatchet,Comedy|Horror,5/8/2024
c5d62482-aab9-4e9e-8000-b76e6068d513,SIXTH,Oyondu,Witch Hunt,Documentary,8/7/2023
f0161d7f-519c-4feb-8a8f-633bf44c3c9d,SIXTH,Dabjam,Reeker,Horror|Mystery,12/25/2023
7bb4b6e8-bb86-47a8-aa6a-98a41ac2f897,FOURTH,Gabvine,"Fan, The",Drama|Thriller,12/22/2023
35fa76f4-5bdf-4312-a8a6-3308cb40332e,NONE,Geba,Black Sunday (La maschera del demonio),Horror,7/25/2024
be83f32d-4660-489b-977d-80179f6e2efa,FIFTH,Skiptube,El asombroso mundo de Borjamari y Pocholo,(no genres listed),9/1/2023
bc845b59-ed2d-4926-a410-ca9b883cf723,FIRST,Trupe,State Property 2,Action|Crime|Drama,6/10/2023
f79b4f97-b590-4194-8456-3eebb1868c8c,FOURTH,Skynoodle,Au revoir les enfants,Drama,7/12/2023
cd1f80af-0493-4b06-a1fd-66e2deca8877,SIXTH,Skilith,Hungry for Change,Documentary,5/21/2023
f67a2a09-1b50-4ec6-bb3a-4faffef6be65,SIXTH,Yamia,Reunion,Drama,9/12/2023
9c740bd0-113b-4f5e-b523-c8c2a7c50f05,SEVENTH,Jabberstorm,"Tale of Ham and Passion, A (Jamón, Jamón)",Comedy|Drama|Romance,9/17/2023
4954cc5b-5d99-46e5-98b8-c74a40cc0ba2,FOURTH,Jetpulse,Burglar,Comedy|Crime,4/12/2023
8c66c921-90a5-41d9-959a-0e2967b97df8,FOURTH,Voonix,"¡Alambrista! (Illegal, The)",Drama,12/15/2023
0bb73c16-1326-4f99-b5a6-39647a009ecf,SEVENTH,Skiptube,Advantageous,Children|Drama|Sci-Fi,1/12/2025
689bc54a-0ee9-4b0f-bc49-879edaed0501,FOURTH,Wordware,Dr. Terror's House of Horrors,Horror|Sci-Fi,4/11/2024
9a19680f-77a0-45f5-bc80-2830f79623c3,SECOND,Avamm,"Combat dans L'Ile, Le (Fire and Ice)",Drama,5/25/2024
b1ca328b-e757-423a-878e-55b38772e59e,SEVENTH,DabZ,"Night to Remember, A",Action|Drama,12/17/2023
d9885182-669b-4891-97c0-442fd0579afe,FIRST,Topiclounge,"Big Bad Swim, The",Comedy|Drama,10/27/2023
c54f67b4-765e-4ce8-bc22-780f4bb46089,SEVENTH,Dynazzy,Berlin Calling,Comedy|Drama,9/5/2023
415e5cb0-0d7f-481f-8878-35a490e52ee3,FOURTH,Dabfeed,"Sound of Insects, The",Adventure|Documentary|Drama|Mystery|Thriller,7/17/2023
b4e7a770-91f4-4b3f-8fba-a68852624725,FOURTH,Tagpad,My Future Boyfriend,Comedy|Romance|Sci-Fi,3/8/2023
ea745d40-67d7-4ed5-9f52-a353394f900e,SEVENTH,Yodo,"Tenth Man, The",Drama|War,8/10/2023
37fa9b0f-3282-4eb6-bcf5-85a3860c513e,FIRST,Riffpath,To Be Twenty,Comedy|Drama|Horror,8/9/2023
04601b7b-d7b8-4fd6-ac28-e40bae90b486,FIFTH,Devpoint,Carny,Drama,10/25/2024
ed14513f-df12-44b0-bba1-9d0e6653e3bf,SEVENTH,Oyoloo,Movie Movie,Comedy|Musical,9/16/2024
a1be64f7-b666-41ca-a1a4-50697dc3f2e1,FIRST,Photojam,Scum,Crime|Drama,10/1/2024
44a89b9e-c891-4512-aea6-8c323d69a2eb,SEVENTH,Brainsphere,Man Hunt,Crime|Drama|Thriller,9/21/2023
2da3e6f1-8d99-43fc-ac19-b6f04ac649f6,SECOND,Photobean,Double Suicide (Shinjû: Ten no amijima),Drama|Romance,9/1/2023
f4ed7427-c965-4f14-b076-f259fc427451,FOURTH,Skimia,Independencia,Drama,4/19/2023
4c4a4554-38ae-4cf5-afca-632532998ec2,SEVENTH,Leenti,The Girl from Nagasaki,Drama|Romance,10/21/2023
c9af317a-6c80-4fae-b052-08ac2bb980f5,SIXTH,Zoomcast,"Batman/Superman Movie, The",Action|Adventure|Animation|Children|Fantasy|Sci-Fi,4/17/2024
8843ff0d-5b77-411c-8e3e-b83786540196,SIXTH,Yoveo,"New Country, The (Det nya landet)",Comedy|Drama,9/12/2023
120fd0db-7f7a-4a63-bb9e-e97dc61a8980,NONE,Lazzy,Let it Rain (Parlez-moi de la pluie),Comedy|Drama,6/2/2024
e12a168b-dfd8-425e-853a-97163b0f3ff5,FIRST,Jayo,In the Navy,Comedy|Musical,5/17/2023
c38fa2c3-5025-4b33-9e6d-962ea839e89e,SECOND,Realbuzz,"Invincible Iron Man, The",Animation,9/19/2024
3bc302ec-32b2-4729-bfaa-0bed9318e581,FIFTH,Jabbercube,Igor,Animation|Comedy,3/29/2023
917a46a5-c3fc-4141-beba-615e8ae006da,THIRD,Trudoo,"Last Lions, The",Documentary,5/24/2023
15c8fce8-2c83-46bf-98b0-271597c48292,NONE,Minyx,Empire of Dreams: The Story of the 'Star Wars' Trilogy,Documentary,8/17/2024
6a01178c-8184-427b-956b-cfaad38b9a82,SEVENTH,Tagopia,"Barber of Siberia, The (Sibirskij tsiryulnik)",Drama|Romance,12/29/2023
2310293d-6190-49c0-a818-2c428824f813,SEVENTH,Leenti,Crimson Gold (Talaye sorgh),Drama,10/23/2023
a3742a59-4758-407a-88ff-248cb8c273d6,FOURTH,Buzzshare,"Honest Liar, An",Comedy|Documentary,6/3/2024
d5ee97bf-81b8-41a0-a817-56e2103b5f5f,FOURTH,Edgeify,Wild Heritage,Western,10/22/2023
b19a06df-2de3-43a6-903b-6de236a48cec,FIRST,Vimbo,Somewhere,Drama,8/7/2024
a6bdbee1-f2bc-461c-a498-9a3ec18b254a,FIFTH,Katz,Pistol Whipped,Action|Drama,3/16/2023
6e9dc702-4e71-41da-89a2-e87647922609,SECOND,Jaxnation,Centre Stage: Turn It Up,Drama|Romance,8/31/2023
d44762d1-288e-422a-aab5-16755f97b4c1,FIFTH,Tazzy,"Beast from 20,000 Fathoms, The",Sci-Fi,4/11/2023
283fd8eb-46d5-4abb-a2c3-581fc7b7bcf2,NONE,Oloo,Kevin Smith: Too Fat For 40,Comedy,5/12/2023
8f0395e8-0e67-4920-bb5a-b01a07c2786e,SIXTH,Centizu,Stolen Summer,Drama,1/20/2024
bacd7f72-2d89-477b-b9bb-4d6817e5a91d,THIRD,Mycat,May 18 (Hwaryeohan hyuga),Drama,9/10/2023
f281d486-6b04-4c68-bb1c-42b194fc9903,FIFTH,Jetpulse,800 Bullets (800 Balas),Comedy|Crime|Drama|Western,8/1/2024
7e30ee4e-44b7-48f8-aef1-a6e9baa5791b,FOURTH,Fiveclub,Into the Wild,Action|Adventure|Drama,9/5/2023
2b384c77-61de-4973-8253-81916b79e681,NONE,Jaxnation,Guts (Agallas),Action|Crime,5/9/2024
bb76f689-a51f-4857-bd5c-d46afe04bba7,SIXTH,Roomm,Marina Abramovic: The Artist Is Present,Documentary,6/30/2024
3adf6b6d-ea02-48cd-9bb3-a3e897d2bdb3,NONE,Babblestorm,"Rescuers, The",Adventure|Animation|Children|Crime|Drama,7/14/2023
65276916-da0f-4817-9682-0839fe13d59f,FIRST,Eire,"Good Thief, The",Crime|Drama,10/11/2023
580ce5e8-d093-489d-9a69-de9b471d6aef,FOURTH,Cogilith,How They Get There,(no genres listed),11/14/2023
4891b54f-8198-4296-b7b6-15163e9c093b,SEVENTH,Mybuzz,Voices of a Distant Star (Hoshi no koe),Animation|Drama|Romance|Sci-Fi,12/4/2023
97fb8b2c-07cc-4414-8a73-228685ab7ac2,SEVENTH,Zoomlounge,Do Fish Do It? (Fickende Fische),Drama|Romance,10/12/2023
68ae998f-6739-445a-b973-12ccf1f028cb,NONE,Livefish,Udaan,Drama,5/1/2024
f8ea29bb-5b30-4036-be33-a06ff14c0ca2,SEVENTH,Aimbu,Xala,Comedy,5/20/2024
be5a6b8d-370c-4497-825f-7201f231e1ef,FOURTH,Kwideo,Bling: A Planet Rock,Documentary,11/16/2023
56866ecf-4dbd-4065-8b5c-2a3b19f4aa60,FOURTH,Thoughtbeat,Adam Resurrected,Drama|War,1/14/2025
61581e33-4119-4bd2-8648-dff00d73d27e,NONE,Edgeclub,Out of Balance: ExxonMobil's Impact on Climate Change,Documentary,11/1/2024
2913eee0-5450-4307-a9ab-3811bfaa0220,SIXTH,Fadeo,Biggie and Tupac,Documentary,8/26/2023
c4fbb397-0974-4c28-abd6-f92bcdfed709,FIFTH,Vidoo,Generation Um...,Drama,8/15/2023
0d4ea57e-fccd-495c-a80f-c92ab043b91d,THIRD,Eire,"Unsaid, The",Crime|Drama|Mystery,11/6/2024
6f522d97-de24-4d44-a5ff-b40f6924de33,THIRD,Skipfire,Nixon by Nixon: In His Own Words,Documentary,11/6/2023
882bab96-2f93-4e16-9a96-f4295de4c952,NONE,Minyx,Breaking Upwards,Romance,7/6/2024
9bfd4093-705c-43ea-b97d-9814512a3b48,SEVENTH,Brainverse,American Virgin,Comedy,2/26/2024
91ff3488-b09e-4329-a9fe-dafb3c897297,SIXTH,Dynazzy,"Ugly Dachshund, The",Children|Comedy,5/2/2023
aaba1733-f928-4915-8c3b-b8e6395b25b8,FIFTH,Brainverse,White Palms (Fehér tenyér),Drama,9/24/2023
3ebf5a0b-ced4-4481-9b91-b4c9ccf0c6fa,NONE,Skajo,Day of the Dead 2: Contagium,Horror|Sci-Fi,8/27/2024
96faa9a0-9412-4ea0-a40e-6ce94c424f78,FIFTH,Youbridge,"Gnome-Mobile, The",Adventure|Children|Fantasy|Musical,6/10/2024
800fea9e-eb16-4194-ab20-cfebccd5ced7,NONE,Wordify,"Slight Case of Murder, A",Comedy|Crime,9/9/2023
d8496df6-deeb-4ff1-bea6-28c9c4c7976d,FOURTH,Wikivu,Or (a.k.a. My Treasure),Drama,2/24/2024
2077bc9d-c8d9-4ae6-92ec-69560bae794f,FIRST,Oloo,"She Does Not Drink, Smoke or Flirt But... She Talks",Comedy,3/31/2024
b7659c37-08e9-4a34-9058-f3af4423c9e5,SEVENTH,Cogibox,Cloudy with a Chance of Meatballs,Animation|Children|Fantasy|IMAX,6/3/2023
61ebe7e2-b540-48f7-ae2a-dad2e5acdb18,THIRD,Browsecat,I Want to Live!,Crime|Drama,11/1/2023
1da74094-8914-41fc-9500-eaaae769f877,FIFTH,Gigashots,Miss Granny,Comedy|Fantasy,6/26/2023
5fbfa16b-7653-4db2-b5b3-0674e5e4b656,SIXTH,Mudo,Arctic Blast,Sci-Fi|Thriller,1/19/2025
9bd98541-5da9-4bb0-8f22-41b98ea68f7b,FIRST,Avaveo,Blues Brothers 2000,Action|Comedy|Musical,11/18/2024
d0c617b0-d9b2-4eba-9479-8f7cd19372fd,THIRD,Voonder,"Dukes of Hazzard, The",Action|Adventure|Comedy,10/31/2023
4cd86c7f-5163-4d02-99df-5e46992bfb7d,NONE,Bubbletube,Mr. Toad's Wild Ride (a.k.a. The Wind in the Willows),Adventure|Animation|Comedy,5/23/2024
cacc6d59-c45e-4440-a561-c673563fa75a,THIRD,Riffpedia,Killer Force,Action|Thriller,12/15/2024
51644b2c-ab88-4f03-80ff-9c4d946d63cc,SEVENTH,Oloo,"Acid House, The",Comedy|Drama,3/17/2023
e3e29e7b-5cad-45de-bf53-408691f05d73,SECOND,Layo,Fed Up,Documentary,1/7/2024
4e065d41-b412-45d0-aa1d-0a858915a115,THIRD,Riffpath,"Evening with Kevin Smith 2: Evening Harder, An",Comedy|Documentary,8/7/2024
1e1c225d-019d-40e5-8065-088cbbdc6164,SECOND,Kazu,Artois the Goat,Comedy,11/17/2024
e54c97b7-834e-4e4b-a357-7619b5d684d6,NONE,Voonte,Splinter,Action|Horror|Thriller,6/13/2024
60e49403-b7fe-4768-bde7-ec0d7df509e9,SECOND,Innotype,Life Itself,Documentary,4/18/2024
2ab19a9b-f31e-4a1c-949b-cdb039c30462,FIFTH,Jabbersphere,Elena and Her Men (Paris Does Strange Things) (Elena et les hommes),Comedy|Drama|Romance,10/5/2024
32b66acc-7c88-4591-b936-6d45e94f9220,FOURTH,Linkbridge,Icon,Action|Adventure|Crime|Drama|Thriller,11/6/2023
9a1ff296-71d7-45d9-ae11-69e53a067bd2,FIFTH,Realcube,Shrek,Adventure|Animation|Children|Comedy|Fantasy|Romance,10/3/2024
ca7e9577-5280-468c-bf3f-6a3975d1bd04,FIRST,Topicshots,Spinning Plates,Documentary,6/11/2023
ffe51ddf-9015-4250-a942-54869e2efa9d,SIXTH,Mycat,"Over-Eater, The (L'outremangeur)",Crime|Drama,7/26/2023
495a3d5c-3145-4163-a639-1ba483fd7f04,SEVENTH,Realblab,"Stickup, The",Action|Crime|Mystery,3/24/2024
4def4ffc-23f6-4711-9dc9-66a4566fc47c,SEVENTH,Brainverse,Earth Girls Are Easy,Comedy|Musical|Sci-Fi,10/4/2024
ee445bcc-b4c7-42ad-ac7e-19a383876413,FIFTH,Oyondu,Johnny Mnemonic,Action|Sci-Fi|Thriller,4/10/2024
5abb88a6-a4f2-4b8c-970f-c2f6ed250060,FIFTH,Trudeo,B-Side,Comedy|Romance,1/29/2024
93447230-137c-4c51-9043-42603f759e0e,NONE,Vitz,Bungee Jumping of Their Own (Beonjijeompeureul hada),Drama|Romance,8/17/2024
a5b9f38b-f4ce-4b5d-8228-dc73792a15d4,FIRST,Gabcube,I Heart Monster Movies,Documentary|Horror,7/9/2024
63f74f8f-aadd-4dd0-9ee2-b69372be53f9,FIRST,Oyope,Between Your Legs (Entre las piernas),Drama|Mystery|Romance|Thriller,12/6/2024
31605ba2-32ff-4c87-a89d-94f1022d9d0f,SIXTH,Brainverse,Rock Star,Comedy|Drama|Musical,10/21/2024
8014ca37-b267-4146-8020-1535f7615399,FIRST,Miboo,Shanghai,Crime|Thriller,7/27/2024
d62813d8-f8ec-48e7-aee0-3c9fc8f73e3b,FIRST,Ntags,Flowers in the Attic,Drama|Mystery|Thriller,5/5/2024
a7c05dc0-da59-4a54-9fba-6cd32f27454d,SIXTH,Vimbo,Flight Command,Drama|War,7/16/2024
16f1b219-e7a6-499d-a6ee-e57f7db06b45,SEVENTH,Kimia,My Son the Fanatic,Comedy|Drama|Romance,1/20/2025
b6170e7d-4066-4a2e-ae65-a8f82cce0210,THIRD,Dynava,Jesus liebt mich,Comedy,4/16/2023
3fcc47ea-9a25-4946-8416-914ca6462c9e,FIFTH,Dabvine,Akeelah and the Bee,Drama,11/11/2023
72a56f3f-af96-4a6f-a264-1324856489d5,FOURTH,Photobean,"Dead Man and Being Happy, The (El muerto y ser feliz)",Drama,6/6/2024
3d43aada-df1b-4171-8577-df365af389c0,FIRST,Omba,Itinerary of a Spoiled Child,Adventure|Drama,9/11/2024
81f67c85-aaa3-4b08-b7a8-87faa6f65733,FIRST,Eazzy,Dinner at Eight,Comedy|Drama|Romance,1/7/2024
e6981476-0de4-493c-9dd1-393915c60006,FIFTH,Rhyzio,Atlas Shrugged: Who Is John Galt? (Atlas Shrugged: Part III),Drama|Mystery|Sci-Fi,7/31/2023
dab1d4ef-df43-4eed-af98-fb9b0c08b848,THIRD,Skyble,Thomas in Love (Thomas est Amoureux),Comedy|Drama,2/21/2024
6eea6b00-97ed-4744-8f0d-6323fdb743a7,SIXTH,Ooba,Washington Heights,Drama|Romance,5/21/2023
77eb9420-d38d-4ae6-838a-84fad649f071,SEVENTH,Yata,Chapayev,Drama|War,1/21/2025
c37437a8-29e5-49f2-942e-e71a859ee657,SIXTH,Rhybox,Pollock,Drama,3/18/2024
e32e686f-fec7-4e77-b3b2-008123481c5f,THIRD,Yambee,Jauja,Drama|Western,3/16/2024
b759c96b-ae22-49e7-b78e-eb063c750c45,FIFTH,Zoomlounge,Waltzes from Vienna,Comedy|Musical,6/12/2024
8eea4a7c-f813-45b7-82b1-bd34272ad7ba,SEVENTH,Lazz,Kill Your Darlings,Comedy|Drama,4/29/2023
b1374dbf-dcd4-4234-89a0-4e9fc6b25fa3,SIXTH,Youfeed,Compliance,Drama|Thriller,4/26/2024
badc26b8-b173-48f9-b113-540dc81148c2,THIRD,Skippad,The Trip to Squash Land,Animation,10/14/2024
f2ae2486-b353-43fb-8254-ddb18964fe37,FOURTH,Realfire,"Shop Around the Corner, The",Comedy|Drama|Romance,6/26/2024
7070d1a0-e687-4233-bb39-6330f067d6f1,NONE,Skynoodle,The Heavy,Action|Thriller,11/13/2023
02267209-229b-41a4-b54c-6e7bd950fe5c,FIRST,Browsetype,Romeo and Juliet,Drama|Romance,4/20/2023
b679462d-5172-400b-b4ae-9223107de2e4,NONE,Linktype,Right at Your Door,Drama|Thriller,11/17/2024
f4304a1b-a860-4fe4-967c-0f2d253075d7,SECOND,Bubblemix,"Dinner Guest, The (L'invité)",Comedy,1/3/2025
37e6630f-cf1f-4bcc-82f3-3bd1c5d268fd,SIXTH,Podcat,Pat Garrett and Billy the Kid,Western,9/25/2024
1cc71988-21c6-4db7-8425-647c475411a8,SECOND,Photobean,Providence,Drama,8/12/2023
eb8ad247-6c54-4116-bbca-b9e168beb7d4,FIRST,Browsecat,Little Nikita,Drama,1/2/2025
793d5106-77b4-4321-893f-bca24e5d57cf,FOURTH,Zooveo,Amorosa,Drama,5/7/2023
3a5da88b-e8db-46c5-9e46-0c24fe9e61e1,SIXTH,Meezzy,Sudden Fear,Film-Noir|Horror|Thriller,3/29/2023
136ef977-46df-462f-a20e-788abeaf3cfe,THIRD,Rhycero,Ilo Ilo,Drama,1/18/2025
2feb19cc-fb9c-4009-902d-fed4b981e5ee,SECOND,Vitz,"Shout, The",Drama|Horror,1/31/2024
b014420e-b4a1-42db-a67a-a4c11d936a1e,SEVENTH,Youfeed,Wild Side,Drama,3/24/2024
617e7623-3af6-45ee-80bc-b83f70724ab9,THIRD,Youopia,Cold Showers (Douches froides),Drama,3/15/2023
c2ca83e0-976e-4170-88de-8942da40a2ac,SIXTH,Devpoint,Regret to Inform,Documentary,12/20/2024
5b56f494-7c4f-4f47-b232-62ccbf935ddc,FIRST,Jaxnation,Fire in the Blood,Documentary,12/17/2023
410d7280-3dbc-4a6f-aafc-f4b6d2bf6c49,THIRD,Kaymbo,Get Him to the Greek,Comedy,10/4/2024
d077b112-74ee-49ea-9199-7bd5aaf80aed,NONE,Snaptags,Slumming,Comedy|Drama,11/25/2024
9bc3166b-11db-4c2b-bd1c-7669a475856c,SECOND,Browseblab,Lara Croft: Tomb Raider,Action|Adventure,11/13/2023
0663759b-440c-407e-be33-06a56c079a78,FIFTH,Zoombox,Sometimes a Great Notion,Action|Adventure|Drama,11/17/2024
541737d1-97a3-4b73-9d53-a4af01106c5e,FIFTH,Meemm,My Life as a Dog (Mitt liv som hund),Comedy|Drama,3/23/2023
d4d7d75f-4fd0-4171-89e3-a4311f643fd6,NONE,Flashdog,"Prize Winner of Defiance Ohio, The",Drama,9/27/2024
a8046449-c7f3-4b88-9f80-02fa35e270f4,SIXTH,LiveZ,Do Fish Do It? (Fickende Fische),Drama|Romance,12/5/2023
a7db18a9-cff7-4b95-87eb-e4a0edf6a577,FIFTH,Zoovu,Knight Moves,Mystery|Thriller,4/12/2024
3a16c79b-36f0-4124-8a3e-bc0649ac0dad,FIRST,Rhyloo,Young Detective Dee: Rise of the Sea Dragon (Di Renjie: Shen du long wang),Action|Adventure|Drama|Fantasy|Mystery|IMAX,7/20/2024
f0625a2f-3e83-40ad-9ee6-06a2f575bc42,NONE,Bubblebox,Hilary and Jackie,Drama,4/2/2023
349edda9-882d-43a8-8e0e-8c4290e2c238,NONE,Katz,Impromptu,Comedy|Romance,12/7/2023
46b3cc32-3c54-46b5-8e46-191e7cf60aa9,SECOND,Eare,"Carter, The",Documentary,5/5/2023
2986ff7f-9fc0-4888-9397-e4e3c0f93c12,THIRD,Twimm,August: Osage County,Comedy|Drama,12/16/2024
53cb07ed-d87e-41f8-907f-e64a85157a5e,FIFTH,Jamia,Bad Country,Action|Crime|Drama|Thriller,11/23/2023
0ae391b3-47a9-4818-be29-b267fbb6985e,SIXTH,Kwideo,But Not for Me,Comedy|Romance,2/15/2024
8a6dbe76-80a4-4a72-a8f5-d4d99cb48ff2,FIRST,Thoughtblab,Dinotopia,Adventure|Fantasy,8/3/2023
77b4d1ad-0d0f-4a56-bc73-e0575fbe1433,NONE,Geba,Booty Call,Comedy|Romance,2/8/2024
34b5091f-4998-4db7-86a7-2340e5aab801,SEVENTH,Zooveo,Let's Not Get Angry (Ne nous fâchons pas),Comedy|Crime,2/1/2025
411f7bee-ddc6-4688-a73d-6d4244079bef,FOURTH,Flashpoint,Lynch,Documentary,5/11/2023
5c83309c-e8a2-4cc3-97e5-f25e40a13279,NONE,Demizz,Date Movie,Comedy|Romance,9/29/2023
7b891cd1-03c6-4438-8e1a-04740869a59c,NONE,Tagpad,Katie Tippel (Keetje Tippel),Drama,8/31/2023
cfc32a23-940a-431f-8dc7-4d48a5349076,FOURTH,Bluejam,Jackass Presents: Bad Grandpa .5,Comedy|Documentary,2/12/2025
b4e9d4e7-85f6-4525-945c-7baef7c44ac0,FIFTH,Skyba,"Yearling, The",Adventure|Children|Drama,5/11/2024
920ba2ff-3b82-405c-abc1-10391ffc670e,FOURTH,Devpulse,33 Scenes from Life (33 sceny z zycia),Drama,9/25/2023
e928c33b-7d4f-4df8-8c61-0e4fa2264b5d,FIFTH,Ooba,Barry Lyndon,Drama|Romance|War,7/24/2023
84d5a347-8ae6-4bb3-acbb-db6cb06ec2db,THIRD,Youtags,They All Laughed,Comedy,2/24/2024
445dbef6-a230-4769-a9d7-96729c770039,SECOND,Skalith,"Miracle of Marcelino, The (Marcelino pan y vino)",Comedy|Drama,7/27/2023
025710e7-6be9-4342-a52e-ed401903a6dc,FIRST,Rhybox,3 on a Couch (Three on a Couch),Comedy|Romance,12/18/2023
99acb5b4-08af-4a39-a22e-e8f002041b1e,SEVENTH,Blogtag,Mile... Mile & a Half,Documentary,6/10/2023
29dfbdbd-2db8-4a2b-ae0d-d0e3dd3ee723,NONE,Flashspan,"Wolverine, The",Action|Adventure|Fantasy|Sci-Fi,12/5/2023
3046d708-f922-4a04-bc62-e2cb03bcd596,FIRST,Skimia,Heading South (Vers le sud),Drama,8/9/2023
aeb6eb81-58b5-4205-a689-50c28378de79,THIRD,Yodel,Resident Evil: Damnation,Action|Animation|Horror,11/11/2023
0b6e000e-d4dc-44c3-a6bb-bd85aea5c1b0,SIXTH,JumpXS,Mao's Last Dancer,Drama,9/26/2024
bd8c3ba9-d9a3-4d51-b451-47059d3c2779,SIXTH,Rhyloo,"Golem, The (Golem, wie er in die Welt kam, Der)",Fantasy|Horror,11/28/2023
ca7a7246-f846-49e4-8227-3c03ec0ed2af,SEVENTH,Quatz,"Night in the Life of Jimmy Reardon, A",Comedy|Romance,6/20/2023
7e9ef647-a21e-4c2d-ba95-dd8bdd8c375d,SECOND,Dabshots,Seven Days in May,Thriller,8/25/2024
612e4e7e-bbec-4df8-845a-c37522402d4c,FOURTH,Snaptags,I Want You,Drama|Romance,2/26/2024
70a7511e-afa5-418d-b3b9-9d11754c80a0,FOURTH,Flashset,Madigan,Crime|Drama,10/11/2023
a147800b-0ce7-4ee5-83b0-ee30a1344397,NONE,Centizu,Puss in Boots: The Three Diablos,Animation|Comedy,12/8/2024
ccaa8e3e-f813-46e8-ae06-e66e85c09834,THIRD,Kayveo,Latitudes,Drama|Romance,2/15/2024
aa794ab1-d5dd-43ce-b636-1be8b561a2fd,SECOND,Voonix,Sekirei,(no genres listed),9/23/2024
3e107989-8a17-4ed0-aa46-62326b4595ee,THIRD,Aibox,"Violent City (Family, The) (Città violenta)",Action|Crime|Drama,3/1/2024
03eb8fbe-248c-43b7-aac9-ed631865eaba,SECOND,Yata,City Island,Comedy|Drama,4/19/2023
cccf7495-cfac-4874-ac36-4373bce9d626,FIFTH,Photospace,Hide Your Smiling Faces,Drama,10/16/2023
ab1dd145-1da2-4384-9ef7-d9e281916946,FOURTH,Devcast,Superpower,Documentary,4/6/2023
d05700a7-80b1-4662-b719-9bbf5f1cca86,THIRD,Vinder,"Old Lady and the Pigeons, The (La vieille dame et les pigeons)",Animation|Comedy,12/28/2024
e7256d9b-bbfe-4e92-a8f5-74d4df8317c6,NONE,Nlounge,Made in Britain,Crime|Drama,9/14/2023
affa4bf4-38af-4ffa-901a-a61d223f7312,SECOND,BlogXS,Ricky Gervais Live: Animals,Comedy,6/21/2023
61953df5-b77b-42ca-9c59-e8a7e59afb2c,SEVENTH,Tagtune,Nutty Professor II: The Klumps,Comedy,8/4/2024
1c0455de-57eb-4b04-bf4c-34469d422ef1,FIFTH,Skyble,"Farewell, Home Sweet Home (Adieu, plancher des vaches!)",Comedy|Drama,5/31/2023
2303eef6-0572-4b3e-bc84-18e80ec38db8,FIFTH,Youopia,Careful,Comedy|Horror,8/3/2023
cca14cca-1ec2-4955-bc78-93f4ebe73c64,SEVENTH,Zoonoodle,Stalingrad,Drama|War,5/7/2023
121b0b53-b0ea-487a-8e64-3fbf5bb330b1,FIRST,Jetpulse,Marked for Death,Action|Drama,7/15/2024
4bc36924-31b3-4452-8353-97f66fc13b31,SIXTH,Realbridge,Two-Lane Blacktop,Drama,4/30/2024
7ae05def-1572-4cc7-b88e-e6f81969034e,SEVENTH,Bubbletube,America the Beautiful ,Documentary,7/7/2024
44ea06b0-a364-4b1e-a0a0-d249eec871c0,SIXTH,Snaptags,Kelly's Heroes,Action|Comedy|War,11/6/2023
174aa330-16dd-41f3-a235-f6c7a1d0c055,FIFTH,Feednation,Storm,Drama,2/2/2025
d41e22f2-ba32-436a-8d97-9fa1c833bd68,NONE,Jaxnation,"Mighty, The",Drama,1/27/2025
86e9b769-a00f-4414-8f8e-c39557a89fa5,FIFTH,Riffpedia,The Thief,Crime|Drama|Film-Noir,5/24/2024
20d907ce-f062-4e45-85cb-879bd89bae4a,SIXTH,Youspan,Little Lili (La petite Lili),Drama,9/15/2024
44d70193-3d16-4ad1-96d8-c5635c8f3c94,FIRST,Twitterworks,Cobra Verde,Adventure|Drama,12/8/2023
ac717a1b-35d0-4f40-82e0-0552d19f3788,FIFTH,Babbleblab,The Girls,Comedy,2/19/2024
441e28f2-44e6-4bff-9558-8146cd1455fd,SIXTH,Kare,We Need a Vacation (Fais-moi des vacances),Comedy|Drama,1/8/2024
c35ce810-37de-459f-a03a-c3fcea1e2149,SECOND,Skynoodle,Babylon A.D.,Action|Adventure|Sci-Fi|Thriller,4/18/2023
193eb23b-3877-41ea-95bb-f7e31ed055fd,FOURTH,Buzzdog,Savior,Drama|War,9/15/2023
927e9b08-ebb6-4a34-8bb8-b545dd36c81a,THIRD,Wikizz,LennoNYC,Documentary,11/24/2023
50cfe4c0-8a2b-4a55-aed6-74c6becc34c7,SECOND,Rhynoodle,Catch and Release,Comedy|Drama|Romance,11/27/2023
60036cb3-4b3f-4a40-b401-e9def3f7c186,FIFTH,Fliptune,101 Reykjavik (101 Reykjavík),Comedy|Drama|Romance,3/31/2023
1d73a79e-e416-4532-8451-b84996c90773,NONE,Thoughtstorm,Trouble Man,Action|Crime|Drama,5/1/2024
564bd882-abfd-4d12-9815-a22f4fbccca2,FIRST,Tagfeed,Think Like a Man Too,Comedy|Romance,5/10/2024
2872a98f-8ce6-49c7-9357-b26e93e31576,FIFTH,Einti,Appleseed (Appurushîdo),Action|Animation|Fantasy|Sci-Fi,12/5/2024
87022188-11b2-4781-8a35-e9af4d61f3de,SEVENTH,Buzzbean,Musicwood,Adventure|Documentary|Drama,8/29/2023
ffbcfc8e-2977-4b1d-a66e-30294d844150,THIRD,Mymm,"Craft, The",Drama|Fantasy|Horror|Thriller,9/9/2023
d901556c-28fc-4000-ab66-957d458b8f44,SIXTH,Trudeo,Angel,Action|Crime|Thriller,2/2/2025
51bc4d50-7cbb-4cd8-9685-9768ab94dc12,THIRD,Bluezoom,Pekka ja Pätkä Suezilla,Comedy,7/23/2024
65597df5-941f-4cb5-a707-269cab356826,FIRST,Skyndu,That Was Then... This Is Now,Drama,5/6/2024
6c982e4d-e971-4641-8947-a69b41845b37,FIFTH,Zoomcast,Real Men,Comedy|Sci-Fi,6/26/2024
b677c1bc-b021-450c-86fd-d75c0c15098f,SECOND,Realblab,Assassins,Action|Crime|Thriller,1/25/2025
d38cd5a8-66a5-4887-a61e-13abe6cdb58b,SEVENTH,Meevee,Altiplano,Drama,10/17/2024
14ddc4fd-287f-4270-b701-8726aabee811,FOURTH,Flipstorm,Sundome,Comedy|Drama|Romance,2/15/2024
9be7f704-2198-4066-bc9f-3122b646d2ea,NONE,Flashdog,Tol'able David,Drama,6/18/2023
370febe1-66df-4d00-bd52-31aeb6731bdf,THIRD,Photospace,Little Big Soldier (Da bing xiao jiang),Action|Adventure|Comedy|Drama|War,5/17/2024
e36d8b6a-5018-4c9e-bdcd-f4ad9add7a76,FIFTH,Twinder,Divorce Iranian Style,Documentary,5/17/2023
85ec820f-9b4f-40e4-aea7-52af52c45951,FIFTH,Meevee,Two Night Stand,Comedy|Romance,1/25/2025
fcd05738-a050-46a1-af2c-47f6d84e1371,SEVENTH,Topicblab,Dracula A.D. 1972,Horror|Thriller,7/17/2023
40bf478d-c50b-4c9b-a359-6ad63df57ea9,NONE,Meevee,My Boy,Comedy|Drama,9/20/2023
7ad13c00-ffa6-4468-8d37-462afbe00699,THIRD,Livetube,"Equalizer, The",Action|Crime|Thriller,2/16/2024
f0826570-0e26-41eb-9f1a-18a99d2668e2,FIFTH,Youtags,Petting Zoo,(no genres listed),2/7/2024
b4f94fe3-b5d2-4291-83b8-c090ef1bff32,NONE,Meevee,"Guy and a Gal, A (En kille och en tjej)",Comedy|Drama,2/11/2024
fb8a06e3-860b-4f45-87d4-ac903a869bfc,SECOND,Buzzshare,Shadow Conspiracy,Thriller,11/2/2023
6070acd0-1692-4096-9e20-468904871dac,SEVENTH,Nlounge,Easy to Love,Comedy|Musical|Romance,12/3/2023
5432009e-22f7-423d-a75d-be7af1504135,NONE,Edgepulse,Invitation to Happiness,Drama|Romance,10/30/2023
ff7204c8-a47a-4982-93d6-a4c40501894a,SEVENTH,Muxo,Between Strangers,Drama,7/2/2024
405b5324-2a1e-4874-8fdf-635eda1b3bb7,NONE,Tazz,"Carpetbaggers, The",Drama,4/23/2023
f12fc250-9175-46d8-a01f-0e35a4464f7f,SEVENTH,Aibox,"Princess Blade, The (Shura Yukihime)",Action|Sci-Fi,12/8/2023
4edf4dc4-aee4-47a8-aa98-01a9100ac473,SECOND,Rhynoodle,Tin Cup,Comedy|Drama|Romance,5/8/2023
77f1d927-5214-4f64-9865-436c02d5cf06,THIRD,Riffwire,"Man for All Seasons, A",Drama,5/20/2023
d508f348-da0b-4a16-b9e1-0c74ee2e31df,FOURTH,Plajo,"Deadly Trackers, The",Drama|Western,9/4/2024
f3abcff6-255e-4b7c-a2ae-030cffdd3870,FOURTH,Twitterbeat,"Way Home, The (Jibeuro)",Drama,7/17/2024
467d4509-0c5b-4735-9e97-081aa593dbfc,FIRST,BlogXS,Baby Mama,Comedy,6/5/2024
c29270ac-cb94-4c86-ba74-30b4d0b2a62d,NONE,Linklinks,Cliffhanger,Action|Adventure|Thriller,10/30/2023
0076c481-6b34-4146-8caf-53f90f7c5909,FOURTH,Eamia,"Follow Me, Boys!",Comedy|Drama,9/21/2023
671c9335-fb1d-4d8e-9b5a-6803d1d47794,FIRST,Topicblab,Don't Drink the Water,Comedy,12/22/2023
f1f8a0d3-3206-4f57-8e71-9875c720072c,FIFTH,Thoughtstorm,"Code, The",Documentary,5/5/2024
0bc91afb-d7ea-469d-8de4-9f1fbbac520c,FIFTH,Divape,Modigliani,Drama,12/26/2023
63c31469-b8ae-416c-804f-e22398ac5b24,FOURTH,Skinte,Antwone Fisher,Drama,8/2/2024
71810722-02a8-4376-924d-6369e7f36f80,NONE,Gigaclub,Portraits of Women (Naisenkuvia),Comedy|Drama,12/13/2023
e566e60f-c4ec-411f-81cb-bc9d3b860af1,SECOND,Wordpedia,Under the North Star (Täällä Pohjantähden alla),Drama|Romance|War,4/3/2024
a0a4557a-ebfc-40d7-b871-8dd5155d52ba,SECOND,Photolist,Ambush Trail,Action|Western,6/11/2024
bed0a8bb-1870-4946-8d09-62b1a9a493d6,SECOND,Shuffledrive,Syndromes and a Century (Sang sattawat),Drama,6/28/2023
a9163e07-c53f-4811-9523-d4e3a4df0627,SIXTH,Lazzy,Inside (À l'intérieur),Horror|Thriller,2/11/2025
a5a12a09-f061-44da-b29e-f078b505a64a,FIRST,Skiptube,Leprechaun 3,Comedy|Fantasy|Horror,6/9/2024
536ac68b-0db5-479b-8f4d-f55267ec8fbb,FIRST,Oodoo,Ballad of the Paper Balloons (a.k.a. Humanity and Paper Balloons) (Ninjô kami fûsen),Drama,12/9/2024
37f58412-fd16-49db-9e75-cf0f8a1bc44e,FIRST,Yambee,Vive L'Amour (Ai qing wan sui),Drama,6/2/2023
104df800-bf34-4639-a6ba-bc3d61944b78,THIRD,Realblab,"Man Named Pearl, A",Documentary,12/21/2024
3d527df9-ad29-4226-9c86-6de262ac4de3,SECOND,Riffpedia,Brain Dead,Horror|Sci-Fi,10/26/2023
d4af0ea6-114d-494e-b137-0dffdfb341c2,SECOND,Janyx,"Three Musketeers, The",Adventure|Comedy|Musical,1/5/2025
c4e2d36e-fb3c-471d-b056-d6bb99e64455,NONE,Quamba,Drogówka,Comedy|Crime|Drama,8/3/2023
eb9be3d4-3838-418f-becd-036c410c9b89,THIRD,Feedspan,Zatoichi's Revenge (Zatôichi nidan-kiri) (Zatôichi 10),Action|Drama,2/1/2024
6abda460-7e65-46a9-baa2-eedef970e9b9,SECOND,Teklist,Up the Academy,Comedy,9/3/2023
26ee956c-e3dc-4de4-8045-84cf0a6dd03f,SEVENTH,Yabox,Twist of Faith,Documentary,1/17/2024
60b9171a-3ece-4599-af8b-e07011cd22d2,FIFTH,BlogXS,Company Business,Action|Comedy,2/11/2025
57033fa5-d102-447b-89c4-2443afee8abf,FIRST,Oyoba,Caprice,Comedy|Crime|Thriller,6/19/2024
a5f33859-84e9-4bc6-ad59-ce8e74818d36,SEVENTH,Youspan,Whore,Drama,1/12/2025
36436b2d-dfd8-4f22-a879-db0de9cb7fe8,NONE,Vidoo,The Casino Murder Case,Action|Drama|Mystery,8/2/2024
87bb88fd-300d-48f6-a813-0124ed357d0f,NONE,Feednation,Shaft,Action|Crime|Drama|Thriller,8/16/2024
edde1c4b-2fc5-4b8f-909c-e9deeaa45a06,NONE,Shufflester,Boys Life 2,Drama,10/8/2024
f57e77fe-e66d-4999-98de-f642aed94498,FIRST,Youspan,"Genova (Summer in Genoa, A)",Drama|Romance,7/24/2023
88fc2a94-42af-4998-b53f-289436e16ca0,SECOND,Vimbo,Touchback,Children|Drama|Fantasy,9/29/2023
59e28514-91d4-485b-bfe7-0b8a1ea747b5,NONE,Realfire,Down and Out in Beverly Hills,Comedy,5/29/2023
97adb8b2-af54-4c44-8055-951194315492,THIRD,Voolia,"Fugitive, The",Thriller,10/9/2024
2a980509-4f78-4a1a-bd5c-08c7cb718490,FIFTH,Flashspan,Monsterman (Monsterimies),Documentary|Drama,7/27/2024
fca67bfa-1d64-4266-8ee9-cdb72e65c1f6,FIRST,Oyoloo,Best Foot Forward,Comedy|Musical,10/18/2023
7a7577e9-b81b-4419-89a0-6604f97a1e2a,SECOND,Tagchat,Colossal Youth (Juventude Em Marcha),Drama,8/12/2023
f6b61cfa-0804-4118-9f21-f25a8ffe56a9,NONE,Demizz,Métisse (Café au Lait),Comedy|Drama,8/15/2024
cfe0de23-21c3-4b29-9b94-5d7aa8f4ed2d,SIXTH,Ooba,Operation Mad Ball,Comedy|War,9/4/2024
f3197680-0337-4d05-a9ea-7640bee2e1e7,FOURTH,Voomm,Brides (Nyfes),Drama|Romance,1/22/2024
85665989-a1aa-4cb7-a569-fccb786d96d1,SECOND,Tavu,Welcome to the Punch,Action|Adventure|Crime|Thriller,9/9/2024
dc04b73c-4833-45f9-8e68-9a2d7bdde767,SECOND,Dynabox,Mother and Son (Mat i syn),Drama,11/1/2024
404ab20f-49e3-472c-a0b8-9bc03e1ab2b2,THIRD,Kamba,Kolberg,Drama|War,9/1/2023
e0afd0b1-d501-4267-ab49-3ddc1b3421d5,SIXTH,Meevee,"Goodnight, Mister Tom",Drama,10/7/2024
732a4d22-e7de-4b67-9877-f49e70a6897d,SIXTH,Izio,Flaming Creatures,Drama,10/19/2024
4ed4ac10-0eed-455d-9ab1-4446e531178b,FIFTH,Kanoodle,"Cellar, The (Huset vid vägens ände)",Horror|Thriller,4/25/2023
8b23f2d7-2d9c-4619-9093-6422feffea34,THIRD,Trudeo,Flight Command,Drama|War,11/11/2024
4187cbd8-5d73-4609-9dbb-e9658275e721,FIFTH,Thoughtbridge,It Runs in the Family,Comedy|Drama,6/24/2024
feaf3c7b-3abd-4099-8aae-1194d0f130b9,FOURTH,Voonte,Dog Pound,Drama,5/18/2023
baa347b5-5df7-4506-9ed6-6d7686a7b362,NONE,Realmix,"Cowboy Way, The",Action|Comedy|Drama,9/28/2024
83cc1d10-32be-46d6-a477-e9263ec07c56,SECOND,Thoughtworks,Gregory Go Boom,Comedy,10/3/2023
63412831-602b-4504-9610-c7dda1c1b24a,SEVENTH,BlogXS,Come and Get It,Drama,6/5/2024
48c950ed-f389-4d8a-bf94-81914bdf7b0e,THIRD,Photobean,What Will You Do When You Catch Me? (Co mi zrobisz jak mnie zlapiesz?),Comedy|Crime,8/2/2023
323e1f28-81f6-4baa-8f44-210707da3f6e,FIFTH,Quimba,The Case of the Scorpion's Tail,Mystery|Thriller,3/11/2023
297a0e3d-5952-4b5c-bc1f-973f24bc14db,SECOND,Demivee,Slam Dunk Ernest,Children|Comedy,1/27/2025
33318bc3-ecd9-47d3-a1e9-d33498c9ff4d,SIXTH,Janyx,Fantasy Mission Force (Mi ni te gong dui),Action|Adventure|Comedy|Crime|Thriller|War,5/6/2023
6f5b0267-2f39-44a0-9c52-b567d5a5839d,SEVENTH,Gigaclub,"Target Shoots First, The",Comedy|Drama,4/21/2023
7d1fdde8-8250-4c3f-94c8-9484efa22afa,FIRST,Shuffledrive,Assault on Precinct 13,Action|Crime|Drama|Thriller,8/22/2023
280eeae4-6045-486d-a1d3-9bb57cab3f80,FIFTH,Chatterbridge,Fear Strikes Out,Drama,1/14/2025
e5e8aae5-74cb-4122-8df4-44a3c94f3a38,FIRST,Skivee,"Phantom, The",Action|Adventure,5/30/2023
d087a807-5785-4515-9a5e-d81ee648573b,SEVENTH,Vitz,Ole dole doff,Drama,8/21/2023
5e1a468f-5bd9-4859-8241-e70102e9ec3a,NONE,Voonder,Police Academy 6: City Under Siege,Comedy|Crime,7/20/2023
07a81f24-1080-4603-a80e-0404219e2797,SECOND,Zoomlounge,Sunset Strip,Documentary,8/30/2023
a82ae5cd-d20c-4158-8ba4-88c2b142d8d6,SEVENTH,Linklinks,I Am the Law,Crime|Drama,3/20/2023
01b1ba1f-ea91-4c50-9c8e-cdb5e1828d69,FIFTH,Tanoodle,We Feed the World,Documentary,12/5/2024
725fd38d-a63a-49a7-ad14-7dafab36422b,THIRD,Innojam,Babylon 5: The River of Souls,Drama|Sci-Fi,8/19/2024
6babb10c-f330-4c09-a07f-1775b842bcf3,FOURTH,Vitz,Night Terrors,Horror,6/22/2023
3731fb3a-d54a-4da1-9ef8-f31bcd3b3b22,NONE,Plajo,Bubble,Crime|Drama|Mystery,7/10/2024
eb3eb63c-5be4-4ca9-9fd8-c0f593a740fc,FOURTH,Gabcube,Strange Days,Action|Crime|Drama|Mystery|Sci-Fi|Thriller,4/3/2023
86a4f14b-e2bc-472d-aac2-859c704917fe,NONE,Oyoloo,Investigating Sex (a.k.a. Intimate Affairs),Comedy|Drama,8/2/2023
f8009fb0-32c2-4c37-ac97-4e2890b4c4e8,THIRD,Photobean,Knights of the Round Table,Adventure|Drama,3/1/2024
b988f7df-c8b8-4684-9adb-110f89a96bce,NONE,Wordtune,Midnight in the Garden of Good and Evil,Crime|Drama|Mystery,9/20/2024
bd593417-8932-4e42-ad2e-0aa3a8b8efc1,FIFTH,Fanoodle,Regular Guys (Echte Kerle),Comedy|Romance,6/19/2023
929a77f0-330f-48f8-a0ce-dc51aa23e001,FIRST,Yabox,Jumanji,Adventure|Children|Fantasy,2/28/2024
6e93f6f5-272b-4778-9dd3-9c3f0d044e00,FOURTH,Zoombox,Vampire Academy,Action|Comedy|Fantasy,1/27/2025
2e55cf43-3172-4f52-9567-b007ccf868cc,SECOND,Jabbertype,"Minion, The",Action|Fantasy|Horror,10/15/2023
1232717f-ea6b-4aff-83d7-df92872e3bf9,SIXTH,Tanoodle,"39 Steps, The",Drama|Mystery|Thriller,1/30/2025
e88a5f8d-9060-4abc-a246-97c69fde34ed,THIRD,Rhycero,"Perfect Holiday, The",Comedy|Romance,12/6/2024
25946127-6672-44ed-9fa3-a01ad8f70761,SEVENTH,Thoughtsphere,Enlightenment Guaranteed (Erleuchtung Garantiert),Comedy|Drama,12/24/2024
f88b518d-7b9d-45a7-aabb-836376588151,THIRD,Meejo,Crocodile,Horror|Thriller,2/10/2025
02f7ed90-4fe2-4d3a-8a0c-ccb3c70fc4b0,NONE,Oyoloo,Derailed,Action|Thriller,7/26/2024
89a583af-43b8-4ecc-bfdd-3cd090ca74ea,SEVENTH,Kamba,Berlin Is in Germany,Drama,12/16/2023
cfa93c72-bef5-4695-b48d-ed8490bd3811,SIXTH,Viva,15 Minutes,Thriller,12/30/2023
d2246d36-51b9-4f68-a24a-8352d76af3ca,SIXTH,Jabbertype,"Soul of a Man, The",Documentary|Musical,10/21/2023
8fdb9104-788f-42bf-a099-5a3511509ac8,SECOND,Ainyx,"Crimson Rivers, The (Rivières pourpres, Les)",Crime|Drama|Mystery|Thriller,3/7/2023
a018da17-1af5-43c9-bf46-9a3b4f2f4049,SECOND,Flashset,"Beach Girls and the Monster, The",Horror,6/22/2024
81e0f6e6-ae07-42bb-aedb-575eca7c43a8,FIFTH,Dynabox,"Dawn Patrol, The",Drama|War,8/11/2024
aa7c56a3-83f8-4e92-9764-f73f3e065665,THIRD,Thoughtmix,Mass Transit,Comedy|Drama,10/3/2023
bd26311e-ae9c-46e8-9c68-84711ab72509,SECOND,Dabfeed,Fun Size,Comedy,5/10/2024
d620af7c-1737-4892-8437-0af266f771b2,NONE,Babbleblab,Odd Couple (Bo ming chan dao duo ming qiang) (Eternal Conflict),Action|Adventure,1/29/2025
a123ef43-de1a-44f0-be7b-ed3b6d428247,NONE,Gigabox,"Bottom of the Sea, The (El fondo del mar)",Drama|Thriller,5/12/2024
0d96e453-f917-4bda-b1d5-1be6ed1abed2,SEVENTH,Yozio,"Chorus, The (Choristes, Les)",Drama,8/13/2023
705d1e00-be68-43ee-bf92-367f2057581b,SECOND,Voomm,Bikini Summer III - South Beach Heat,Comedy,10/7/2023
a54265a1-3f23-4f7b-b3e2-8cbe9d9ca901,NONE,Oloo,Indictment: The McMartin Trial,Drama|Thriller,4/17/2024
fe4b3b73-c089-448e-ba80-331787c494d5,SEVENTH,Photolist,Heartless,Fantasy|Horror|Mystery|Thriller,11/6/2023
8324fa74-7c06-42bc-bcf4-42b17976335b,THIRD,Jayo,"Days Between, The (In den Tag hinein)",Drama,11/11/2023
55c07ac9-4b26-4172-8f13-70b225d2b3d8,FIFTH,Aimbo,Formula 51,Action|Comedy|Crime|Thriller,4/18/2023
9ccfc68f-5415-4f58-bc02-3a533cc5b0fe,NONE,Livetube,Logan's Run,Action|Adventure|Sci-Fi,3/2/2024
1755d67c-8c4e-44b2-8fa5-f291e4f04e46,FOURTH,Twitterbeat,"General's Daughter, The",Crime|Drama|Mystery|Thriller,4/9/2023
e625ce9c-14ee-4428-9c3b-0cdc5137445e,SECOND,Twitterlist,Exhibition,Drama,8/17/2023
cc3bc26f-9c0b-47b8-90b2-824a4240e6ee,FIFTH,Teklist,"Land, The (Al-ard)",Drama,11/28/2023
841ace7e-f916-41be-887a-a103f2dc031f,FOURTH,Twitterbridge,Playing for Keeps,Comedy|Romance,11/20/2023
3e718254-0908-435c-8265-16aac1b0a06a,FIFTH,Mynte,"Scarlet Pimpernel, The",Action|Drama|Romance,10/10/2024
f22b23cb-55cb-46cb-901b-a4d49eaaed4a,THIRD,Edgeify,Zorba the Greek (Alexis Zorbas),Adventure|Drama,8/12/2023
08571bce-28c7-4ea1-a15e-f905f843dcee,NONE,Meemm,"Four Days of Naples, The (Le quattro giornate di Napoli)",Drama|War,4/7/2023
309c4622-1e0a-4c6c-a9f1-28493cffd263,FIRST,LiveZ,For Love or Country: The Arturo Sandoval Story,Drama|Musical,11/5/2023
9a1468c1-76d1-4a70-8f48-89d720d31ef7,FIRST,Dynabox,"Dark Side of the Heart, The (Lado oscuro del corazón, El)",Comedy|Drama|Romance,6/29/2023
320c5de8-66bc-435a-8ec9-603dfe4e7be4,SECOND,Babbleopia,Lucky Number Slevin,Crime|Drama|Mystery,9/18/2023
01b2beed-b2b5-4a48-bcb7-c4543185e66c,FOURTH,Trudeo,Abominable,Horror,6/13/2024
24fd3dec-6840-44c4-9de7-6f8ebe73bd75,FIFTH,Plambee,Against the Dark,Action|Horror,8/23/2023
c377c1f3-1d56-4b63-9039-59247e29f05e,NONE,Trunyx,Where in the World Is Osama Bin Laden?,Documentary,10/12/2023
10806bcb-ff1e-4d5d-86a9-785e05ab62c4,SECOND,Kimia,Monsters University,Adventure|Animation|Comedy,5/8/2023
48a1f74b-7fc6-47db-a403-76fbc4a11c58,THIRD,Tagtune,"Grand, The",Comedy,9/1/2024
87beaa0e-3615-4f7e-acad-16ba92048611,NONE,Eazzy,Free Range (Ballaad maailma heakskiitmisest),Drama,12/31/2023
5d3be4d0-eb39-41ce-bc46-ef618a5a7396,NONE,Kazio,Dead Men Don't Wear Plaid,Comedy|Crime|Thriller,7/13/2023
1211c338-29c4-4478-8fbd-74c5d7a73fb0,FOURTH,Brainverse,The Mummy's Shroud,Horror,10/16/2024
9dc5d91a-f483-40c9-86f3-ba10d4d520ee,SEVENTH,Bluezoom,Wilderness,Horror|Thriller,6/28/2023
bc10e552-0aee-447e-b502-c55df6581c2d,FOURTH,Browsetype,Beauty and the Boss,Comedy|Romance,6/16/2023
2134888b-a208-4f43-b66d-080cdd7a12dc,THIRD,Lazz,Enlighten Up!,Documentary,5/5/2024
339e919f-d3f5-472a-a02f-b66d7ab84497,SECOND,Meembee,"Study in Scarlet, A",Mystery|Thriller,6/25/2023
7393adfa-b573-4aa0-afb4-f3348a85cd2c,SECOND,Skimia,Solaris (Solyaris),Drama|Mystery|Sci-Fi,5/21/2023
0604dcac-111f-49a5-8778-8303fd0f8880,SEVENTH,Quire,Teddy Bear (10 timer til Paradis),Drama|Romance,2/12/2024
662ed65b-5433-4aa2-be3a-dcf450edc9be,NONE,Skiptube,It's a Small World,Comedy,5/18/2023
c081f686-fb88-4eb1-bd89-a1d3d877b8c0,NONE,Minyx,Bachelor in Paradise,Comedy|Romance,10/9/2024
0ff5e2ae-d45d-472a-9a1e-cb97a4360f46,FOURTH,Bubblebox,Take the Lead,Drama,8/5/2023
e0ecfc16-d93c-4e7d-8f32-d800bfbf13eb,NONE,Cogilith,Hogfather (Terry Pratchett's Hogfather),Adventure|Fantasy|Thriller,8/9/2024
ceee50db-fa0a-4aa6-a9a4-3bd697fdb57e,FIFTH,Skidoo,My Friend Irma Goes West,Comedy|Crime|Musical,6/4/2024
f6cb8d54-c0c5-48c8-a843-07c6a2c6f965,SEVENTH,Einti,Less Than Zero,Drama,9/18/2024
61ae799a-8f5e-4441-a51a-914fdda1a6df,FIRST,Voomm,Duel,Action|Mystery|Thriller,4/6/2023
b9ed097a-3fff-48cc-87e1-2b0e6716d76e,FIFTH,Topdrive,Fern flowers (Fleur de fougère),Animation,2/3/2024
a7167f17-1c19-4ce6-a840-2fadb38c46ba,FIRST,Skipstorm,American Hardcore,Documentary,6/22/2023
176348d0-2081-4c02-a286-e497e02c1dc8,FIRST,Quatz,Circles (Krugovi),Drama,9/13/2024
0a3b0335-daf4-4dcb-b36d-3439ee03ca92,SIXTH,Voomm,Sputnik,(no genres listed),5/27/2023
556e8573-66ba-4e54-911d-00eb0eb53606,THIRD,Ailane,"Cat in the Hat, The",Children|Comedy,8/21/2024
0afb434f-3082-4a56-84d3-d710e8869727,SEVENTH,Mydeo,I Dream Too Much,Comedy|Musical|Romance,1/23/2025
2fa3d255-70fe-489f-9cbf-197826c7938a,FOURTH,Lazzy,Wishmaster 2: Evil Never Dies,Fantasy|Horror,4/2/2023
62b67cb2-6db7-4d2f-9f3a-36bc06cdbe4e,SECOND,Aivee,"Unreasonable Man, An",Documentary,3/25/2023
a512af06-06b3-471f-ad83-5acdc2028ec7,SEVENTH,Plajo,"Ladykillers, The",Comedy|Crime,11/27/2023
20d5ac31-89be-4c6a-b7d0-ac1630217bc5,SEVENTH,Voomm,"Sarah, Plain and Tall",Children|Drama,9/25/2024
9fab2220-f646-4f39-8f94-21966dca6342,FIRST,Plajo,Never Make It Home,Documentary|Musical,7/31/2024
4300c2e9-9298-43e2-bbb5-6daf98164c12,SECOND,Jaxworks,"Legend of Hercules, The",Action|Adventure,5/20/2024
5c01cee2-2bb7-455e-97d7-5f50602db318,SIXTH,Quamba,Two Hands,Comedy|Crime|Thriller,5/21/2024
ac5a515c-b40d-4f6e-ac13-432189b25fea,NONE,Wordpedia,Hard to Kill,Action|Crime|Drama,5/21/2023
dcdaa370-05de-4479-bd83-29c0a481abcb,SIXTH,Dazzlesphere,Einstein and Eddington,Drama,12/22/2024
8a1ddcad-e4a5-4b30-aaaa-cb587877f65d,FOURTH,Twinte,Jagged Edge,Crime|Romance|Thriller,10/29/2024
289224ba-d996-4842-a762-2ba35ef49b80,SIXTH,Voolia,Mirrors 2,Horror|Mystery|Thriller,1/9/2025
757ac68f-9c29-4237-bc28-f804024969e1,THIRD,InnoZ,Date Night,Action|Comedy|Romance,2/16/2024
2c3b25f9-1181-41d5-ab2b-f61c159ed4c8,NONE,Youbridge,Me and You and Everyone We Know,Comedy|Drama,8/1/2023
8b9ebfeb-d583-4033-8bc7-4f355d1c9e05,THIRD,Tavu,Slaughterhouse,Comedy|Horror,8/9/2024
fd9acaff-bf66-492a-a70e-df43b284f3a6,FOURTH,Babblestorm,Belizaire the Cajun,Drama,4/2/2023
3ecbf07b-7951-45bf-a0a5-468fe37cdb52,SIXTH,Tazzy,"Final Darkness, The (Buio Omega)",Horror,4/29/2024
d1e0032d-0ee1-4206-83db-a58dd1fbc0fc,THIRD,Devbug,"Man in the Moon, The",Drama|Romance,1/8/2025
026b52f9-f337-4d64-9364-f77b39474e89,NONE,Camimbo,"Giant Mechanical Man, The",Comedy|Drama|Romance,1/14/2024
18bb32dd-bebd-4424-9c2c-a5ee0e8ba5e0,THIRD,Photobug,"Pyramid, The",Horror,1/22/2025
c4e94227-05c2-4b4d-9380-583101556bb3,FIFTH,Thoughtmix,"Murder, Inc.",Crime|Drama,11/21/2023
64655cc5-0ec4-463d-a068-7d8f8cf16ab0,THIRD,Bluezoom,"Super Cops, The",Action|Comedy|Crime|Drama|Thriller,12/6/2023
bd6e0f16-3d8e-4fde-ba6c-690cf54df71a,SECOND,Tanoodle,3 Strikes,Comedy,9/27/2024
0dcd0fa4-6a4a-46a3-82b7-ce61d1a83b52,FIFTH,LiveZ,Listen Up Philip,Drama,5/25/2023
e1c42abf-6129-4931-b151-9fb24f34ebd0,FOURTH,Dynabox,"Skeleton Twins, The",Drama,2/23/2024
b84fa66c-a5bd-4176-b252-aee4cbb53a3d,FIFTH,Twitterbridge,"Man in the Glass Booth, The",Drama,5/25/2024
fbe9ea73-5e81-42e5-8995-dcf0cdcfc827,THIRD,Skimia,Half a Loaf of Kung Fu (Dian zhi gong fu gan chian chan),Action|Comedy,5/21/2023
0f639053-3d46-4e17-ae41-2b8b3ea4fd5b,FIFTH,Dynazzy,Austin Powers in Goldmember,Comedy,8/10/2023
f9e9542f-a17f-4473-a60e-f9f111a1f702,NONE,Mycat,"Rumble in the Air-Conditioned Auditorium: O'Reilly vs. Stewart 2012, The",Comedy,7/11/2023
0e1f1822-02f8-4d34-97d6-3411573bb8af,FIRST,Oyoba,Darkness Falls,Horror|Thriller,5/19/2024
655db891-e76b-4c39-993f-dfaed8f5b933,NONE,Eazzy,"Rachel, Rachel",Drama|Romance,1/19/2024
6814d49b-192b-4788-8aa8-8ce08df22f23,NONE,Realbuzz,Susannah of the Mounties,Drama,9/13/2023
ae6fa340-cf4c-4862-af66-433a66fa64c0,FIFTH,Meezzy,Samurai Vendetta,Action|Drama,10/22/2024
c3d6c2bf-f0e5-4c55-8bb1-40e6402430f8,SECOND,Demizz,Tuvalu,Comedy,7/17/2023
11eeea01-1955-406d-82a0-766d8e000999,SIXTH,Yoveo,My Dear Secretary,Comedy|Romance,10/11/2023
267fa2cf-b3b3-4f2d-b08c-f099f56fe76e,SECOND,Yabox,After Porn Ends,Documentary,6/6/2024
e33fed12-a2bb-42cd-aa0b-b77a2d7dc201,THIRD,Gigazoom,"Dark Angel, The",Drama|Romance,8/20/2024
480616ff-23a0-4b53-883d-ad848c238f6a,NONE,Yabox,Foreign Correspondent,Drama|Film-Noir|Mystery|Thriller,4/15/2024
1047d0e9-1150-46e1-9bd0-61185ed756b7,FOURTH,Brightdog,Cop,Thriller,6/30/2024
621f0bd2-06ca-4ac5-b194-f1ce5250d00b,FOURTH,Dynabox,Juno,Comedy|Drama|Romance,9/12/2023
4fd73759-713f-4128-bdf3-b3615d7192f5,FIFTH,Yacero,My Best Girl,Comedy|Romance,5/14/2023
850f0bf8-f703-4a3e-805c-bf431df01367,FIRST,Brainverse,Argentina latente,Documentary,4/10/2023
65816a36-e5ad-4353-a237-e363d6555b6b,FOURTH,Avamm,Miehen tie,Drama,5/27/2023
fc4b5747-5260-4890-89b3-5953267c51ef,FIFTH,Meevee,"Next Best Thing, The",Comedy|Drama,3/31/2023
133055bf-da03-4dbf-a265-581cc054215f,SECOND,Quatz,"Imposter, The",Documentary,1/8/2025
6f79d492-4ada-4c28-9234-348161414b04,SIXTH,Jaxnation,Snow White and the Huntsman,Action|Adventure|Drama,6/26/2023
d3f2860a-8b01-4d83-9aaa-50f8b989832c,NONE,Agimba,Jodhaa Akbar,Drama|Musical|Romance|War,2/12/2025
882ccba2-50b4-46cd-998f-e6bc1b3b576c,SIXTH,Voonte,"50 Worst Movies Ever Made, The",Documentary,3/22/2024
de323aaa-8187-48de-afb5-b1412647dc2d,SIXTH,Shufflester,War of the Worlds 2: The Next Wave,Action,6/18/2023
20a2400f-cbe1-494b-961d-befec19c52b5,FIRST,Rhynyx,"Great White Silence, The",Documentary,8/6/2024
3fbf97d2-9c45-4148-9a92-3a2ad86d5ffc,SECOND,Dabjam,Hey Arnold! The Movie,Adventure|Animation|Children|Comedy,4/9/2024
671c5150-45c8-4e0e-8c02-c2654a80d89d,SECOND,Leexo,War and Peace (Voyna i mir),Drama|Romance|War,7/7/2023
c6d7a246-cebb-4fb3-a2e0-33e3e4f2f5f8,FIFTH,Trupe,ParaNorman,Adventure|Animation|Comedy,5/29/2024
6139f73d-c37e-4ef7-8a6f-e60c91687ac1,SEVENTH,Trilith,Charlie Chan's Chance,Mystery,3/23/2023
b9358588-3041-453d-bc99-327bea9194bc,SECOND,Jayo,"Last Shot, The",Comedy,10/29/2024
b618775f-4779-4e29-8103-1d5d1bb06949,FOURTH,Voonyx,Election (Hak se wui),Crime|Drama|Thriller,10/14/2023
e5d40b4e-99c0-42bb-a69f-5be491e54b4d,SIXTH,Brainverse,Headhunters (Hodejegerne),Action|Crime|Thriller,11/24/2023
133e01b1-daf2-435f-bd99-b956aa94c9fe,FIRST,Kanoodle,"Fire Within, The (Feu follet, Le)",Drama,2/10/2025
b60fd898-0cbc-4f99-940e-19e8cf6840ff,SEVENTH,Avavee,"Company of Wolves, The",Fantasy|Horror,2/7/2024
ae50291b-04b9-448d-b02a-07634c70d088,SIXTH,Yombu,Noises Off...,Comedy,3/9/2023
0bb59b00-68eb-4122-a484-34add8d3cfec,SECOND,Skiptube,Interkosmos,Drama,5/11/2024
df44b9a2-986d-4cf8-a1b9-0188b2c67514,FOURTH,Tagfeed,Tobruk,Drama|War,7/13/2024
dd8e3f26-afa6-40b0-92c6-d95b22f26e42,SEVENTH,Tagcat,"Rescuers, The",Adventure|Animation|Children|Crime|Drama,8/11/2024
a86dd21f-f0db-41bf-ab49-353547b32064,SECOND,Eayo,"Baader Meinhof Komplex, Der",Action|Crime|Drama|Thriller,8/27/2023
35e1b114-fc7b-40a7-ba52-d97528f4cf14,FIRST,Twitterbridge,"Princess and the Frog, The",Animation|Children|Fantasy|Musical|Romance,6/14/2023
dd23e60d-5968-47fd-8207-668de09b0d5c,NONE,Wikibox,"Story of Ruth, The",Drama,11/17/2023
ef3e3379-e54c-4a87-ae58-0f0b5c332a4d,SEVENTH,Vinder,Lady Sings the Blues,Drama|Musical,11/11/2024
905634b5-45db-46f3-bf67-250ae35356b2,SIXTH,Jabbercube,Ray,Drama,5/30/2023
fe41f2f2-4593-4ba1-94f7-bdca9c6bea0a,SIXTH,Katz,Armour of God II: Operation Condor (Operation Condor) (Fei ying gai wak),Action|Adventure|Comedy,12/19/2023
66da13d5-8136-4b3e-8592-c6c79da96f14,NONE,Youopia,"Land Girls, The",Drama|War,3/10/2024
c6284ee9-6bfa-42ce-8215-29c2fa08365e,SECOND,Twitterwire,"Girasoli, I (Sunflower)",Drama,6/14/2023
9bf626b7-ba79-43ed-8a20-a5d238f86876,FOURTH,Teklist,12 Years a Slave,Drama,8/5/2024
adf393d3-ccad-465a-aac9-83b78bcedf70,FIRST,Youfeed,Roula,Drama,11/1/2024
ed544625-6a33-441b-ad8d-64b6cfa341c6,SEVENTH,Buzzster,SIS,Action|Crime|Drama|Thriller,4/3/2024
6c24959a-c48e-45a8-805d-e8cc7d04b744,THIRD,Fivebridge,Boy Meets Girl,Comedy|Romance,5/10/2024
2d62316d-0e01-4b08-9cff-971440d073d9,FIRST,Dynazzy,"Work of Director Michel Gondry, The",Comedy|Documentary,6/22/2023
f0b1338a-1998-4c27-a3cb-cc84a052ca70,SECOND,Brightbean,All Quiet on the Western Front,Action|Drama|War,10/25/2024
5c127da1-fd98-412a-8d5f-2d5d24fe913f,SIXTH,InnoZ,The Hire: Hostage,Action|Adventure|Crime|Thriller,12/29/2023
0c569859-7a75-4416-8f18-bc04735993fe,FIRST,Meevee,Dutchman,Drama,3/23/2024
b733beb2-8df5-47f2-922c-81ae79ba2745,FOURTH,Photolist,Mosquito Squadron,Action,12/10/2023
206af75e-559a-471b-b422-0d2a5bdbe188,FIFTH,Zoomlounge,Anita,Documentary,1/7/2024
d357e808-c69e-4850-b20d-e5a0c7cc54e7,FIRST,Quamba,Kommissarie Späck,Comedy,6/16/2024
3a80e8c3-0a8a-4ff1-8d70-2ac8bcdf303d,THIRD,Livefish,Fear and Loathing in Las Vegas,Adventure|Comedy|Drama,12/3/2024
cf46aba6-387d-4776-9a26-e46e0a3b597b,NONE,Divavu,Daughters of Darkness (Les lèvres rouges),Horror,2/21/2024
98cb6ac9-547a-47ab-b4cb-134f7e3c5afa,FOURTH,Dabshots,Apache Territory ,Action|Western,7/5/2023
9c16c1ad-c7b3-42ac-b1e2-c75a3558a5f8,FIFTH,Quimba,$9.99,Animation,2/3/2025
69d50362-821b-490a-8e8d-eacbc9f2be34,SIXTH,JumpXS,"Cat in Paris, A (Une vie de chat)",Animation|Crime|Mystery,11/4/2024
27b95059-be0c-438d-a2c7-95608afca4ed,FIFTH,Bluejam,Princess Ka'iulani,Drama|Romance,12/27/2024
40f4314c-dc86-446c-8d65-2ee54b2a078c,FOURTH,Trudeo,7 Plus Seven,Documentary,6/13/2024
ffd8a253-1ed5-46b6-afd5-71615104d093,FIRST,Zoovu,"Wild and Wonderful Whites of West Virginia, The",Documentary,3/18/2023
7678d991-20b1-4d92-a2f2-b210494afae2,FIFTH,Jaloo,Cool as Ice,Drama,6/22/2024
9315d343-e440-4a3d-a161-616e4714826e,SECOND,Edgeify,Apollo 13,Adventure|Drama|IMAX,10/30/2024
44b39a55-bddb-4709-a808-82db95c9a377,FOURTH,Dynazzy,Black Dawn,Action,10/3/2024
b4c15614-024d-4dfb-812c-8d7ed6c95e20,THIRD,Edgewire,Place Vendôme,Crime|Drama,1/7/2024
174be797-eb34-4409-bed7-578bfacd0394,SEVENTH,Meevee,Tammy and the Bachelor,Musical|Romance,10/19/2023
37b460e8-943d-4369-912d-5dede844baa1,SEVENTH,Pixoboo,Chicago,Comedy|Crime|Drama,8/5/2024
485e64ca-b339-429c-bfe0-81b292ff0877,FIFTH,Rhycero,Shiri (Swiri),Action|Drama|Romance|Thriller,12/11/2024
2323ea0e-19c5-44b6-85f5-e6e3b44ffb78,SECOND,Yambee,Aningaaq,Drama,4/30/2023
2d80e5af-6de5-46c2-b0e3-d4f2d3d0b7a0,SECOND,Teklist,Toys in the Attic,Drama,7/25/2024
cfc575a8-5e01-4c26-a9af-e495aee24817,SECOND,Divavu,...And God Spoke,Comedy,8/1/2023
8b61f6f4-74ec-4222-86d1-37c17e28bd57,SEVENTH,Wordtune,"Objective, Burma!",War,10/15/2023
5a8b6653-78b9-4921-881a-f5b1162196a8,FIRST,Babbleblab,Sounder,Drama,10/1/2023
f8d252d9-30e8-4a99-849c-0079a6051b6c,FOURTH,Topicware,Ra.One,Action|Musical|Sci-Fi,12/2/2023
90f9b4d6-5ba0-4944-ab6b-11de0af9eb07,SEVENTH,Mydeo,"Cement Garden, The",Drama,2/28/2024
61d9cd28-cee6-4e04-b469-3bfde8f9871b,FIFTH,Geba,Oscar and the Lady in Pink,Drama,6/28/2024
3ca648b9-d1d7-46ee-a6e7-cecd4110c39d,FOURTH,Camido,"Story of Us, The",Comedy|Drama,3/17/2023
610a97f3-5a1d-4344-8081-7706595eae00,FOURTH,Innojam,"Scout, The",Comedy|Drama,9/13/2023
42899638-467e-435b-9df3-ca8b48435f1a,NONE,Meetz,Once Upon a Time in China and America (Wong Fei Hung: Chi sai wik hung see) ,Action|Adventure|Western,11/20/2023
2a50d07e-a62a-44f8-b7ea-711ddaeb1781,SIXTH,Shufflester,Our Daily Bread,Drama|Romance,3/3/2024
5e100607-1b7e-4129-8b19-2e15a2862a2e,FIFTH,Latz,Ro.Go.Pa.G.,Comedy|Drama,11/7/2024
f78dfccf-66bf-43fb-a9d1-95429efba7cf,FOURTH,Flipopia,Outland,Action|Sci-Fi|Thriller,5/20/2023
1153d9a1-8db7-4fa0-bfee-a23c46bbb82a,SECOND,Mudo,"Cabinet of Dr. Ramirez, The",Comedy,7/21/2024
8d63721c-1511-4ba3-a9dc-dd0d997aaf79,SECOND,Skynoodle,Ants in the Pants,Comedy|Romance,12/27/2024
58c6caea-6409-4491-b696-1062ab1aa338,NONE,Chatterbridge,Cosmic Journey,Sci-Fi,2/24/2024
06e0535b-4c5e-48a3-b101-d735f57218da,FOURTH,Skimia,Star Trek III: The Search for Spock,Action|Adventure|Sci-Fi,6/21/2023
13a1ccd3-7969-4a71-87b0-79cfa6a21e5e,FIFTH,Minyx,"Forgotten One, The",Thriller,9/26/2024
5a421742-1d1a-4036-a170-8726aa2b48cb,FOURTH,Innojam,"Blossoming of Maximo Oliveros, The (Ang pagdadalaga ni Maximo Oliveros)",Comedy|Drama,5/5/2024
01830cdc-92e0-4efd-8e0c-66572f25269d,THIRD,Ooba,Piled Higher and Deeper,Comedy,11/29/2023
014e57c7-00a8-4b28-a3c4-cdef4e69afc6,THIRD,Yakidoo,Syrup,Comedy|Drama,2/1/2024
2b59eb48-e080-400f-b34b-6fda7ac45c07,NONE,Thoughtbeat,Tapeheads,Comedy,3/28/2023
fe94d9bb-b7ad-4a3f-93cd-4762dcfe69b2,SECOND,Mynte,"Young Poisoner's Handbook, The",Crime|Drama,4/14/2023
4119a654-6022-48a7-963f-221b7e962535,SECOND,Jabberbean,"Inheritance, The (Karami-ai)",Drama,4/4/2024
b297621e-dc3e-4e49-918b-c2e1e7151dd7,FOURTH,Gigabox,"Kevin Nealon: Whelmed, But Not Overly",Comedy,12/12/2023
21b76dca-7b8f-489c-8316-f6f94f30cbda,SEVENTH,Feedmix,Pretty Bird,Comedy|Drama,8/20/2023
fbc2d672-c014-4b21-b6c4-ad56b918a434,SIXTH,Skinix,Holiday Wishes,Children|Comedy|Drama,7/9/2023
116e4322-9112-4246-9c23-6757a8c63cb9,FOURTH,Divavu,Topkapi,Adventure|Comedy|Thriller,5/14/2024
0fef22e9-b973-4f8f-abb7-6aa29add8ee5,SIXTH,Trupe,Doctor Who,Adventure|Sci-Fi,12/5/2024
6461bfe2-38fd-455b-87cb-29d6df976992,THIRD,Yodel,L.A. Story,Comedy|Romance,6/24/2024
5ce42920-1d4d-4f06-875e-3f51351e85b4,THIRD,Twitterworks,Sada,Drama,12/8/2024
2b92b294-4a67-4bd1-ac77-0df082202ec2,SIXTH,Demimbu,Social Genocide (Memoria del saqueo),Documentary,1/9/2024
d94ed651-a34b-476b-b197-0afe6923f3a1,FIRST,Myworks,Karlsson on the Roof,Children,12/31/2024
0b80790a-7c92-450f-8634-f24a0b9d4797,FIFTH,Zoozzy,Mr. Jones,Drama|Romance,2/6/2024
c36bf650-02ce-460e-a827-1d4167fa2be9,SECOND,Trilith,"Navigators, The",Comedy|Drama,4/26/2024
556e14d8-bce2-46ad-954c-184149a193da,THIRD,Voonte,"Third Wave, The (Tredje vågen, Den)",Action|Thriller,10/25/2024
86646cd8-83ad-484f-bf48-14c17a8ee458,SIXTH,Twinte,Be Cool,Comedy|Crime|Musical,1/30/2025
0a225375-e788-4352-8734-1eba0370aae7,SECOND,Katz,"Asthenic Syndrome, The (Astenicheskiy sindrom)",Drama,4/11/2023
c9f4d5d5-ebbc-4f08-974d-7617b745782b,SEVENTH,Ntag,Safe in Hell,Drama,10/21/2023
93496d04-27ef-42b0-a551-5fd1d9320d76,SEVENTH,Kimia,Tango Kabaree,Comedy|Drama,3/15/2023
e9c7c0b2-ea75-4998-a2f5-42b4f9d84b21,SIXTH,Thoughtblab,Subject Two,Drama|Thriller,1/17/2025
4ecfce3f-db17-4328-bad1-41ade14c0ddf,NONE,Jaxbean,The Golden Cage,Drama,10/28/2023
b2952cac-1feb-4f91-9e21-8586786025ea,FOURTH,Thoughtblab,Fun is Beautiful,Comedy,9/15/2023
a516bc34-cefa-44ad-8c36-11a2002c3774,FIRST,Meejo,"Clock, The",Adventure|Drama|Romance,6/29/2023
df30148e-2c49-44ce-8c9d-cd39de8fbd0e,SIXTH,Rhyzio,We Are What We Are (Somos lo que hay),Drama|Horror,6/2/2023
28fc2741-6c43-4a1b-9438-4e50d45cdceb,FOURTH,Eayo,"Uninvited, The",Drama|Horror|Mystery|Thriller,10/12/2024
86e9ff3b-e884-4225-b09d-f8d11fff1e40,FIRST,Browsecat,Poison,Drama,8/9/2024
e04c9660-d5cf-4b2c-9b76-786e4e8a1574,FIRST,Livepath,Limelight,Comedy|Drama|Romance,7/6/2023
4e429d4e-4e2a-42f0-900d-63e7cb06f166,THIRD,Shufflester,Tom and Huck,Adventure|Children,5/30/2023
59edb34e-adae-4642-b028-0d82fc531b9a,FOURTH,Innotype,XXY,Drama,6/18/2024
3c0fcad1-6c42-4229-a1cf-8fb6cb8b84a3,SEVENTH,Devify,Playground,(no genres listed),4/18/2024
795c345d-1901-4646-a81a-b076b4c506c7,THIRD,Twimbo,Rubin and Ed,Comedy|Drama,1/16/2025
2f81e484-fc86-447e-9d3f-9f74ceade960,NONE,Roodel,"Princess and the Frog, The",Animation|Children|Fantasy|Musical|Romance,1/4/2025
ea1d7221-7ca5-49d4-b561-bb83ddadbd61,FIFTH,Leenti,"Dennis the Menace Christmas, A",Comedy,4/16/2024
715af228-f148-4458-8392-bbd49dd2811a,FIFTH,Feednation,Master and Commander: The Far Side of the World,Adventure|Drama|War,5/16/2023
08f8ae0f-635a-4634-8941-6195f92e3620,FIRST,Twitterworks,Sergeant Rutledge,Crime|Western,5/21/2024
bfe015fd-c801-4d24-b728-cfd09c157581,THIRD,Skiptube,Momma's Man,Drama,1/6/2025
e263b92b-b83b-4dd6-adf2-87d60550a590,SECOND,Janyx,H.O.T.S.,Comedy,1/16/2024
a6df2fc8-44d2-4223-8361-3dff50e9243b,SEVENTH,Oba,Please Give,Comedy|Drama,12/3/2023
70f5998e-1b96-4f47-9b53-2e8c6f249a1a,SECOND,Cogibox,"Private Life of Sherlock Holmes, The",Comedy|Drama|Mystery,9/5/2023
8a96a6cf-c4e9-4cb7-8803-f1c0d8d957c3,NONE,Lazzy,Harlem Nights,Comedy|Crime|Romance,8/13/2024
f803cc31-93f5-437a-be0a-0a485a6b5605,FOURTH,Jaxbean,Mary and Max,Animation|Comedy|Drama,6/4/2024
9ef10747-1718-4a3a-987e-649edb75ed75,SECOND,Shufflebeat,"Pelican, The (Le Pelican)",Drama,3/5/2024
cfad4253-ef6c-4c5e-a875-48734a848f6f,FIRST,Realcube,"Crossing, The",Drama|War,2/1/2024
240bfff1-8924-4662-89de-bf1cf2bd32a9,SEVENTH,Edgetag,"King of Ping Pong, The (Ping-pongkingen)",Drama,4/12/2023
411354bd-950f-44ab-b2d6-f82333de2f65,NONE,Edgeify,Kenny,Comedy,9/7/2024
c01b5bb9-1c70-46f2-acc9-f23a4199b564,THIRD,Lajo,Light the Fuse... Sartana Is Coming,Western,12/23/2024
95290305-f285-45d5-ab53-1564faddd51d,SECOND,Oyope,Death Race 2000,Action|Sci-Fi,10/9/2024
e3cc64b1-3c58-448e-a6dc-72d018c5fd30,SIXTH,Twitterbridge,Dracula (Dracula 3D),Horror|Romance|Thriller,7/24/2024
95645cdf-ebfe-4322-9a07-5463c11c8cb2,SEVENTH,Realblab,"Stars Look Down, The",Drama,10/14/2024
237e21c9-9733-4084-9395-87b4c20330af,FIRST,Thoughtworks,Nob Hill,Drama|Musical,9/26/2023
bd7d13c3-05ee-4a02-b2e0-60f1a701b93d,NONE,Brainbox,"Curious Case of Benjamin Button, The",Drama|Fantasy|Mystery|Romance,10/18/2023
ea31f76b-bfee-4ad0-a4d4-f5312394f62e,FOURTH,Dabshots,Below Sea Level,Documentary,4/10/2024
50eefdef-8227-45e4-961a-ca53b0f6b997,FIFTH,Skyba,"Dead Next Door, The",Horror,9/10/2023
c70efb23-9ff9-45d7-bb9c-a4a7e9ac3560,FOURTH,Vinte,"Flight That Fought Back, The",Drama,11/29/2023
8ac6772b-0f84-4b8d-a4ae-0c5e7ba2482e,FIRST,Gevee,"Wicked Lady, The",Adventure|Drama,11/23/2023
0c2ddc87-a036-46ac-8919-4bd99b2df7d4,FIFTH,Cogibox,Diana,Drama|Romance,3/23/2024
36969ba1-9969-4a0a-b316-1f9df9d64b9a,SECOND,Meejo,Piter FM,Comedy|Drama|Romance,9/5/2023
9d8eb14a-7dda-4fb4-8bde-149d79921e93,SEVENTH,Trunyx,Finding Fela!,Documentary,4/18/2024
e62f1a9b-b61a-4b0c-96b5-1674bcc520c6,FOURTH,Bluejam,"Majority of One, A",Comedy|Drama|Romance,4/9/2024
881f68d9-1f4e-436c-b65c-3182002c2d56,SECOND,Zoozzy,Beyond the Lights,Drama,5/2/2023
0698cda4-af44-4c5b-a1fb-393a3a38abd6,THIRD,Trupe,Rocaterrania,Documentary|Fantasy,8/13/2024
0122fcc6-af4f-4d41-940b-c7fd92494830,SEVENTH,Katz,"Invisible Sign, An",Comedy|Drama,12/20/2023
1988f523-6177-4cce-b497-808310c81a32,THIRD,Plajo,In Your Hands,Drama,9/12/2024
acd4ed3b-1fd7-4a96-988f-4bed64f42dfa,FOURTH,Ntag,Murder!,Mystery|Thriller,1/11/2024
f048d281-2e5b-4a74-bccd-e766c838b9ab,SIXTH,Demimbu,"Living and the Dead, The",Drama|Horror|Mystery,11/13/2023
f8a9d978-b082-44b6-96a8-689ea37bf0e3,NONE,Flipopia,Cry Wolf,Crime|Drama|Mystery|Thriller,8/22/2024
e1bc7bde-1c86-45cc-96d2-c49699773bd4,SEVENTH,Yadel,But Not for Me,Comedy|Romance,4/23/2023
04541d85-cad8-4e98-9370-850aa83bd695,THIRD,Zoonder,Desire: The Vampire,Crime|Horror|Thriller,7/6/2023
5c8b22d0-a9e8-441b-b618-2b2b458efe58,SEVENTH,Avaveo,Yesterday's Enemy,Drama|War,2/1/2025
edb7893f-6175-4bb7-8437-4959d8321d03,SEVENTH,Eazzy,Lascars,Animation|Comedy,2/6/2025
34ddb5ad-0dc9-41d8-97fa-00561ea84ef3,NONE,Kanoodle,Max Keeble's Big Move,Children|Comedy,1/26/2025
e061dd52-59ea-41ca-9788-c074a7c12b82,THIRD,Edgeify,"Making Plans for Lena (Non ma fille, tu n'iras pas danser)",Drama,10/13/2024
a02ee573-2cfb-4118-be01-47b378503431,FIRST,Quatz,"See Here, Private Hargrove",Comedy|Romance|War,7/14/2023
db4de763-f00c-4b6e-9894-5b30339ce0fd,NONE,Jaxspan,1000 Journals,(no genres listed),10/18/2023
85339ebd-f432-4322-941f-9a83c2797a04,FIRST,Rhyloo,"Haunting, The",Horror|Thriller,1/4/2025
8734c108-35be-43c3-8bbb-af2c922c2216,FIFTH,Tagcat,Happy End,Comedy,7/2/2023
18aec086-fc56-4ce4-9d61-81fe08211186,FIFTH,Mudo,Spanking the Monkey,Comedy|Drama,4/23/2024
5ad7cccc-af59-4d3a-9775-1e474159a236,FIRST,Jaxspan,Wanted,Action|Thriller,11/21/2023
38627fbc-dd9a-49e4-a735-626b4f38a278,THIRD,Babbleset,Boy Interrupted,Documentary,10/16/2023
5207c396-2de7-41f9-8e94-15bd203f7231,NONE,Tagchat,Not One Less (Yi ge dou bu neng shao),Drama,5/3/2023
b31160aa-7679-4b26-8503-0555aeab9225,FIRST,Zoomdog,8 ½ Women (a.k.a. 8 1/2 Women) (a.k.a. Eight and a Half Women),Comedy,5/3/2024
988c36d6-9936-42eb-8101-45cb88f872f3,SIXTH,Twinder,"Ambulance, The",Thriller,3/2/2023
62617b40-71b2-42ca-a229-4a48fd2dd6e3,SECOND,Brainlounge,As You Like It,Comedy|Drama|Romance,6/2/2023
d776bfa7-f17c-4f30-a483-11e00191f4b5,SECOND,Dabjam,Reasonable Doubt,Crime|Thriller,5/31/2023
a66e8300-5c0c-4df4-8a97-d855a2c116a4,NONE,Skipstorm,Crazy Stone (Fengkuang de shitou),Comedy|Crime,2/10/2025
4903e04e-efa8-4f0f-a374-32147cc1702d,SECOND,Youtags,eXistenZ,Action|Sci-Fi|Thriller,6/6/2023
4df5c7e9-0078-4a95-b5ee-91b2f2d1acc4,THIRD,Buzzdog,"Accidental Tourist, The",Comedy|Drama|Romance,2/7/2025
f1f53580-9f64-4fba-b551-b39aca9c4627,FOURTH,Cogibox,In Passing,Drama|Fantasy|Mystery,10/3/2024
ca550693-f465-469c-9a31-b36a23470da2,NONE,Avamm,The Hire: Hostage,Action|Adventure|Crime|Thriller,1/27/2025
daaedfcc-6a4e-4b9a-85a5-f8c443cca3b3,FIFTH,Buzzdog,Sweet November,Drama,3/16/2024
06b2ca02-dbdd-4391-bb9a-c14083bd925d,FOURTH,Rhynyx,"Craigslist Killer, The ",Crime|Drama|Thriller,2/2/2025
dc735fae-0dc6-4708-ae86-a966a2ef30af,FIRST,Jamia,Love Is News,Comedy|Romance,4/29/2024
22985f6b-4df5-4a91-a506-74c59750bf8a,SIXTH,Gigabox,Fletch Lives,Comedy,12/31/2023
114546aa-0097-4ee0-9cfc-f9c377ea8cda,NONE,Flashset,Decision at Sundown,Western,5/4/2023
05239b05-1cb7-4934-976c-da315ac65b1b,FIRST,Yakitri,Foxcatcher,Drama,9/10/2024
6aee13f8-fd8e-46da-8b31-46cff9b8259d,FIRST,Midel,"Big Empty, The",Comedy|Mystery|Sci-Fi,12/17/2023
8dfacd99-adcf-4918-b658-c8da81e0eff0,SIXTH,Oyoloo,Up Periscope,Action|Drama|War,5/17/2023
d30ecf22-bd60-4c2a-8472-c2e187c98ea1,SEVENTH,Feedfire,Expect No Mercy,Action|Sci-Fi,9/23/2023
27e1a23a-a209-4250-a76e-b8c8ce8345c0,NONE,Plajo,Blues Brothers 2000,Action|Comedy|Musical,11/6/2023
70d1ae55-edb2-4471-94db-f2acf2b06def,SIXTH,Mymm,Never Say Never Again,Action|Adventure|Thriller,4/13/2023
0e1d56dd-91c9-47d0-a51e-2be16616aac6,SIXTH,Skyba,Himalaya (Himalaya - l'enfance d'un chef),Adventure|Drama,11/29/2023
870e5488-9df3-4951-9e06-16699bc49610,NONE,Twitterbeat,Designing Woman,Comedy,8/4/2023
8615aba0-06de-4691-9d6d-137c26bf8c46,FOURTH,Kwilith,Running Scared,Action|Crime|Thriller,7/7/2024
a6b03789-ec04-4848-927c-9e93aa93ec1a,FIFTH,Quatz,Seeking Justice,Action|Drama|Thriller,5/5/2024
b6a2baee-4faf-4eca-b95d-cc4247fad434,SIXTH,Meembee,Austin Powers in Goldmember,Comedy,8/21/2024
ceec6459-d80b-4bc2-8175-d38175012c37,SECOND,Skinte,"Towering Inferno, The",Action|Adventure|Drama|Thriller,11/23/2023
3bde445d-1e71-4f61-aeff-1e21ba994a0f,SIXTH,Jaxnation,"War, Inc.",Comedy|Crime|Thriller,8/12/2023
4b800b17-c0fb-43af-b581-599cac4c672e,FIRST,Aivee,Why Be Good?,Comedy|Romance,8/1/2023
413316d9-d404-471c-8009-ed027bea0f21,FIRST,Oodoo,"Temptress, The",Drama|Romance,4/8/2023
4e849c41-179b-4f06-8d15-1b5266f6669a,SEVENTH,Dabvine,Underworld U.S.A.,Crime|Drama,12/3/2024
e6e99e0b-b5b6-4e68-93b5-f7bc9a8449f7,SEVENTH,Yakidoo,"No Retreat, No Surrender 2: Raging Thunder",Action|Adventure,3/7/2023
aee5eb0c-34be-498b-8c39-988aaae8f60f,FIFTH,Babblestorm,Daughters of the Dust,Drama,8/10/2023
2578ebf7-f846-4f6f-ab60-a5e841845b9a,SECOND,Gigazoom,Batman & Mr. Freeze: Subzero,Action|Animation|Children|Crime,1/18/2024
63208563-92fc-40a8-bbc4-a22dd7980515,SECOND,Bluezoom,Virtuality,Drama|Sci-Fi|Thriller,1/23/2025
34588f8d-b60f-4154-9e8b-2a1114d38ae5,SECOND,Flipstorm,Don Quixote,Adventure|Comedy|Drama|Romance,8/15/2023
833503c3-3084-4020-8b72-6bb1a23596dc,NONE,Dynabox,"Aerial, The (La antena)",Adventure|Fantasy|Film-Noir|Mystery|Sci-Fi,7/4/2023
96a20310-ceff-4c58-b5c2-c5eb1da9775d,FIRST,Eare,Outside Satan (Hors Satan),Drama,10/1/2023
84a6f98d-88b4-4ae8-a166-b89a4b243df2,SECOND,Voolia,Toothless,Children|Comedy,9/25/2024
ed6b0b58-e0cb-43f2-9c1e-a85789eb7bf3,SECOND,Realcube,La Bande du drugstore,Drama|Romance,6/12/2023
4c238e29-aaa3-49a2-95ca-a43d49a41044,FOURTH,Topicware,Zatoichi's Flashing Sword (Zatôichi abare tako) (Zatôichi 7),Action|Drama,1/20/2025
e7df822b-8b41-4d90-89e5-42b342b25132,FOURTH,Skiptube,Moscow Clad in Snow (Moscou sous la neige) ,Documentary,4/25/2023
fe8f2202-4fbf-4f23-8a58-20073c768ccb,FOURTH,Thoughtstorm,Duel at Diablo,War,3/14/2024
db0e8114-fdef-463c-88b4-f4ef89da58ef,FIFTH,Photolist,Kafka,Comedy|Drama|Mystery|Sci-Fi|Thriller,6/22/2023
06b869aa-0f9b-4f21-a20e-4b668ad38cb7,SIXTH,Topicblab,I Still Know What You Did Last Summer,Horror|Mystery|Thriller,6/9/2024
49a12ca8-697e-4b55-aaa7-f140b1ee1434,FIFTH,Realblab,Annabel Takes a Tour (Annabel Takes a Trip),Comedy,6/19/2023
1af08ab9-1c51-4141-8fab-b7d101f81884,FOURTH,Jaxnation,Jane Eyre,Drama,12/18/2024
a7db8b18-6748-4d02-9bb8-99b6da1f8d80,THIRD,Browsedrive,Up the Yangtze,Documentary,12/22/2024
1086f53e-89a1-4e5d-ad9c-666aa4d5be89,THIRD,Edgewire,Higher Ground,Drama,9/19/2024
b6066661-9118-45bd-aa15-5babe4cb6879,SECOND,Zoonder,Ever Since the World Ended,Fantasy|Sci-Fi,10/24/2024
7611c178-38fd-40ef-8385-04992e8fd25e,THIRD,Tagopia,Caddyshack II,Comedy,3/13/2023
30707bab-f449-4b3e-a8bf-2eb1e4b3176b,SECOND,Zoomzone,"Four Horsemen of the Apocalypse, The",Drama|Romance|War,6/14/2023
ee5241fa-cdaf-4fb1-9939-7a6379f7db91,THIRD,Plambee,Alien Contamination,Action|Horror|Sci-Fi,4/5/2024
a8667681-bee5-4a5c-9086-8108b450491f,THIRD,Zoomdog,Odds Against Tomorrow,Crime|Drama|Thriller,11/1/2024
8980b467-4057-4b60-88ad-e055d906c4b9,FIRST,Cogilith,Coach Carter,Drama,8/9/2024
197977d0-2382-4841-807f-13d389f9f1a2,THIRD,Eidel,Howard the Duck,Adventure|Comedy|Sci-Fi,8/9/2023
bf4bfede-8c0b-4f7d-ad6c-e8d4e0b7b9bf,FIRST,Gevee,God's Puzzle (Kamisama no pazuru),Drama|Sci-Fi,11/3/2023
fcca3e66-7e3f-40c3-9d4f-04594234480e,SECOND,Zazio,The Prisoner,Drama,3/28/2023
7041375d-0cde-4858-bbc5-7ce09ed7bd53,THIRD,Cogidoo,Surf Ninjas,Comedy,9/5/2024
f06f9aa3-01fe-46a2-950c-202d15895675,FOURTH,Kwimbee,Oasis,Drama|Romance,7/19/2023
beac4958-58b2-419b-b82d-d198d2194766,SECOND,Jabbertype,Vanishing Point,Action|Drama,9/20/2024
c95ea85c-5bf3-4c79-a80e-bacdd711a257,THIRD,Eire,Only God Forgives,Drama|Thriller,9/2/2024
a28ce518-fba6-43ba-8d23-a0f1f9368c34,FIRST,Mydo,"Bottom of the Sea, The (El fondo del mar)",Drama|Thriller,5/7/2024
90f9ca09-1a87-4c6e-aae4-db7af4389ae1,FIRST,Skiba,Go Figure (Va savoir),Comedy|Drama|Romance,12/23/2024
8dc46cfa-f3d2-4b99-8ba4-2dd3757999d3,FOURTH,Jaxspan,Night Will Fall,Documentary,12/3/2024
95258336-70bd-48a2-b3dd-056ba0906127,FOURTH,Browsedrive,Leif,Comedy|Musical,1/23/2025
53d576a6-d22b-4584-8276-35277c9d4828,FIFTH,Jamia,"Good Humor Man, The",Drama|Romance,11/5/2023
92fd3ca6-21a7-48a1-89f6-b84c7ae8e001,SIXTH,Feedfish,"Color of Paradise, The (Rang-e khoda)",Drama,8/5/2023
e709ff3e-b9f7-42bf-823a-efc157a40600,SIXTH,Linktype,Star Wars Uncut: Director's Cut,Action|Animation|Comedy|Sci-Fi|Western,3/7/2023
9ba70b7e-7917-4687-8f19-a3ac7a504a67,SEVENTH,Skilith,À l'aventure,Drama,7/1/2023
3648df9e-d5fc-4e40-b132-8223a82c9081,NONE,Leexo,Tapeheads,Comedy,9/3/2024
5600ff40-0124-46e9-95dd-fa04f4644014,NONE,Zava,Made in Dagenham,Comedy|Drama,10/7/2023
c8d88c6b-c5fd-463d-a63b-2d2991a81744,SECOND,Tanoodle,Assisted Living,Comedy|Drama,8/7/2024
939745c1-6afa-4d48-9533-487e1c2e12c3,THIRD,Snaptags,In Harm's Way,Drama|War,8/10/2023
7af3f72f-32f6-40cb-8268-86f257c4db3a,SIXTH,Voolia,Hollywoodland,Crime|Drama|Mystery|Thriller,10/18/2023
3d234e44-97bc-475f-a0a9-61a5014c6cd5,FIRST,Cogidoo,"Long Night, The",Crime|Drama|Film-Noir|Romance|Thriller,5/3/2024
55c2a54f-118b-46c7-a2c8-77562808d9ac,SECOND,DabZ,The Identical,Drama,8/26/2024
5bd106e1-fe27-4a2e-b808-a2a19ae0c74d,SIXTH,Realcube,Blood Ties,Crime|Drama|Thriller,11/5/2023
bf441f82-32ef-42ed-87cc-95710c1da9f8,NONE,Miboo,Against the Current,Drama,7/18/2024
3ba8521c-6980-4061-b3ce-3dd8b3955f65,SEVENTH,Browsebug,Super Size Me,Comedy|Documentary|Drama,9/6/2024
be25c271-707f-4a42-9d59-ca0912542a69,FIFTH,Yata,FM,Drama,12/15/2023
58c945eb-2683-4a60-8d38-8270863b9a56,SECOND,Voonyx,"Guide for the Married Man, A",Comedy,3/2/2023
4f9a7f95-49b1-4fc8-88ca-b63bec4ab72e,FIRST,Twinte,Hide Your Smiling Faces,Drama,6/19/2023
4883de76-ffd5-4d7b-94b7-adc3c3a84b6d,SIXTH,Kwimbee,Cookers,Drama|Horror|Thriller,11/12/2024
e13d272b-8c7e-4123-8826-a13435d4d0ad,FIFTH,Meevee,Class of 1984,Action|Drama|Thriller,10/2/2024
5fd90bb2-c8d2-45cf-8a33-016a5a8a69d7,THIRD,Tagchat,Ever Since the World Ended,Fantasy|Sci-Fi,7/31/2024
e6b3d067-c1ba-4e72-b026-6245e5e5338e,FOURTH,Linktype,"Object of Beauty, The",Comedy|Drama,5/31/2024
d52d874d-4949-43b0-beb8-c41fb7e65fd6,NONE,Trilith,"Werewolf Boy, A (Neuk-dae-so-nyeon)",Drama|Fantasy|Romance,8/18/2024
e667922e-8359-4ec6-8fd9-93c4f5c41f48,SIXTH,Devcast,"End of the Affair, The",Drama,3/23/2023
e5252687-4e23-46c5-ad4e-6c272cba157f,NONE,Devpoint,Honeymoons,Comedy,10/14/2023
7b0afacf-f9d6-42aa-9878-eb87248ccd72,SECOND,Blogpad,Welcome to Macintosh,Documentary,8/23/2023
9e5b4400-4d87-448d-8937-93dbf63f796c,FOURTH,Skyble,"Deer Hunter, The",Drama|War,10/24/2024
f77d1524-c1d7-41e1-be61-03ea55e2730f,THIRD,Blogspan,Sarraounia,Drama|War,12/7/2023
20b14a20-69d4-48aa-a6c1-13378e173efd,SIXTH,Browseblab,Alan & Naomi,Children|Drama,3/17/2023
31b44271-828b-4ef9-9e91-9ea2051db4b6,SEVENTH,Skinix,"Lookout, The",Crime|Drama|Thriller,5/20/2024
53eb9cb5-de39-498f-a990-0b72c1fec2f6,SIXTH,Vipe,Squeeze,Drama,6/18/2024
a6492557-bc3b-4d0d-8c43-880b84572c1a,THIRD,Plajo,Starsky & Hutch,Action|Comedy|Crime|Thriller,5/3/2023
453835cf-4771-4558-b46e-36a8d495bbdb,SEVENTH,Thoughtmix,Final Approach,Sci-Fi|Thriller,4/16/2023
11b242bb-2f4c-46a5-b3b3-797e933b5a43,SIXTH,Yodo,Nothing But Trouble,Adventure|Comedy,7/27/2023
b2657e2a-49a2-4668-9f97-94d9b057277e,SECOND,Skajo,Alien Cargo,Sci-Fi,1/16/2024
14bb870a-9fdf-4c5f-9272-ca86c151eca8,SEVENTH,Zooxo,Heaven Can Wait,Comedy|Fantasy|Romance,1/29/2024
73ec6a63-3ba6-4c70-b118-22a04be77a63,NONE,Rhyloo,Code of Silence,Action,3/4/2024
33ec910e-a7a8-4744-97b8-4ff0c70569bb,FOURTH,Wikido,Winnie the Pooh and the Honey Tree,Animation|Children,3/5/2023
a84326fc-6e1b-4483-9da8-51da1d7743e2,FOURTH,Nlounge,Why Does Herr R. Run Amok? (Warum läuft Herr R. Amok?),Drama,4/8/2023
d7ef0afd-a668-4e85-85a3-037cafe38fe7,SIXTH,Kayveo,Hostile Witness,Drama,7/16/2023
2564fbf5-b23c-4f53-a76b-3339b9b1cce6,THIRD,Realblab,Returner (Ritaanaa),Action|Adventure|Sci-Fi,6/19/2023
4faa27cb-ee50-4b11-bcb3-4220562f419b,SEVENTH,Dabfeed,Family Viewing,Drama,7/23/2024
b8da8636-c914-44e4-8505-c0638d40e898,FOURTH,Jayo,"Fall of the House of Usher, The (Zánik domu Usheru)",Animation,7/9/2023
7ad7f077-59ee-44ca-8f4a-a5371f757683,SIXTH,Flipstorm,Can't Stop the Music,Comedy|Musical,10/8/2024
6886fc39-df5f-43fe-9e58-e025c83dd30d,THIRD,Myworks,Reminiscences of a Journey to Lithuania,Documentary,5/23/2023
5bd614da-67d5-49b0-9ed3-005c898caea8,SIXTH,Tagfeed,Fat Man and Little Boy,Drama,6/12/2023
11075fb8-1d11-4d5f-a728-4da93555a411,THIRD,Mydo,"Smurfs, The",Animation|Children|Comedy,5/20/2023
910d6dcf-163f-42fc-ae7a-cd21cb974f43,FIRST,BlogXS,See Heaven,Documentary,8/18/2024
b251952c-57b4-4a8b-b154-e75d15c37a53,FIFTH,Meezzy,Onechanbara - Zombie Bikini Squad (a.k.a. Oneechanbara: The Movie),Action|Horror,10/30/2024
fdad45a6-35fb-4bcb-96dd-e0b65f45e971,FIRST,Myworks,Bob Roberts,Comedy,5/1/2024
64fb17c4-8b51-4684-a44b-d91d39ca8236,SEVENTH,Meevee,Shaun of the Dead,Comedy|Horror,6/16/2023
f08b496a-2db9-4505-bfa6-f941bdc1a732,FOURTH,Zoomlounge,Polskie gówno,Comedy|Musical,4/11/2023
d7204919-f98f-4635-af43-232c17228f73,FOURTH,Twinte,London,Drama,7/28/2023
ec1bb39d-126d-4dfb-a63d-d5638bf4c572,NONE,Gevee,Ballast,Drama,6/7/2024
789b2bb3-132c-421b-b368-887ea4d3c213,FIFTH,Skajo,Blow,Crime|Drama,6/8/2023
004276d8-454f-4aac-b2af-c926ec70e80e,THIRD,Gigashots,Backflash (Backflash Blues),Action|Crime|Drama|Thriller,10/14/2024
cf7dc0d4-bc51-4fd7-bcf1-d9d10472bef7,SECOND,Topicblab,Control,Drama,11/11/2024
5c2c1eaf-f02c-4d7e-87cc-27ec61e1d37e,SECOND,Vinder,Cloud Atlas,Drama|Sci-Fi|IMAX,7/5/2023
fd8947fb-07bb-4225-b295-4c614a58f888,SIXTH,Rhynyx,"Big Bird Cage, The",Action,8/9/2023
ce8dba78-ba01-482b-8635-1f28a5f3e4b9,NONE,Einti,Back to the Future Part III,Adventure|Comedy|Sci-Fi|Western,11/10/2024
1c1a314b-8951-4137-a45f-bd52a1fed2a3,SIXTH,Photobug,The DUFF,Comedy,3/22/2023
b6852f00-8526-4b71-97ba-434783956c80,NONE,Photobug,Les Formidables (Gang-jeok),Action|Adventure|Crime,10/9/2024
69b2f7cb-f17b-42c0-aa11-b3642155a813,SEVENTH,Kazu,Killer of Sheep,Drama,9/19/2023
be8fadda-e9bf-474b-b96a-18aa2ea0b099,SECOND,Skipfire,Saraband,Drama,1/16/2025
f9c042e1-e3d9-42f6-a930-d4ee650a0aec,FIRST,Mycat,Shara (Sharasojyu),Drama,3/10/2023
c4df5008-338d-4557-89f7-b4aee783277e,SEVENTH,Topiczoom,I Hate Valentine's Day,Comedy|Romance,8/1/2024
a8908a8e-bf15-4530-b74a-db8d54c3460c,FIRST,Gigashots,See Spot Run,Comedy,1/12/2025
b4486d19-fce4-4e2d-a135-9679e43dd3cb,FIRST,Katz,Joshua,Drama,8/31/2024
d8af68c6-d5c7-4160-8ba9-239b1712bc23,FOURTH,Skalith,Cohen and Tate,Crime|Thriller,2/19/2024
37781266-aed8-4e2c-b02c-b61ebc63fe33,NONE,Thoughtstorm,Dracula: Dead and Loving It,Comedy|Horror,6/15/2023
d31734d8-dcd7-494d-af00-571922557a40,THIRD,Meejo,Shooting Gallery,Crime|Drama|Thriller,7/12/2023
9dbcd225-58b4-4f74-87b5-59853547860d,FOURTH,Brainsphere,Freaky Deaky,Comedy|Crime,4/2/2024
a50bbb9c-b994-416c-86ee-02b4d79285c0,FIRST,Gigashots,Terminator Salvation,Action|Adventure|Sci-Fi|Thriller,7/26/2023
8c4f0b09-c82d-4f2f-ad56-0893ab9019a8,FIRST,Ozu,Freeheld,Documentary,6/2/2023
88d30186-8bd3-4d46-973c-f6b3ea6c77bd,SIXTH,Eayo,"Long Good Friday, The",Drama|Thriller,6/13/2024
99191127-c2f6-435a-a163-2fec94e57e78,SEVENTH,Browsebug,Schultze Gets the Blues,Comedy|Drama,4/24/2024
e5f19f73-5ff3-4d27-b043-4e90599a1f27,SECOND,Youspan,Zatoichi's Pilgrimage (Zatôichi umi o wataru) (Zatôichi 14),Action|Drama,6/9/2024
099c8d7b-77d2-40b1-b47c-e40508ad36e4,NONE,Fatz,Home Fries,Comedy|Romance,3/22/2024
46dad1a3-a477-48c0-a198-29e0420c7b01,THIRD,Yadel,Cat Chaser,Action|Thriller,3/16/2023
357bcd8f-5567-4b15-8809-5d7b636744f5,SECOND,Kazu,All Dogs Go to Heaven 2,Adventure|Animation|Children|Fantasy|Musical|Romance,5/23/2024
146e7e0f-f18d-467d-b41f-d3383e9921ee,FIRST,Skyvu,Futureworld,Sci-Fi|Thriller,12/3/2023
7ba21c56-8953-4780-afa2-cfa877c8b350,NONE,Meemm,Grindhouse,Action|Crime|Horror|Sci-Fi|Thriller,11/7/2023
5bc7d7bd-d980-46eb-80db-40c0fd8ea939,SEVENTH,Edgeclub,Dust to Glory,Action|Adventure|Documentary,7/20/2024
0166f9ed-098e-44c0-afa0-a13760bb7386,FOURTH,Livepath,Undercover Blues,Comedy|Crime,7/6/2024
dbc1bb45-090d-4f85-a429-b1f329a3bab5,SEVENTH,Meeveo,From Beyond,Horror|Sci-Fi,7/11/2023
0f294572-7785-4587-bb89-bcdd468e9e1e,FIRST,Youopia,"Immortals, The",Action|Crime|Drama,2/7/2024
9360b004-4bd3-4443-a905-270d53a5b8d3,SECOND,Fivespan,"Accidental Husband, The",Comedy|Romance,2/6/2024
8e555f86-5f50-4cae-9060-06507f0c4616,FOURTH,Aimbo,Floating Skyscrapers,Drama|Romance,6/17/2023
6f07272f-6e56-489a-b22f-8048d495c33c,FIFTH,Yoveo,Three Steps Above Heaven (Tres metros sobre el cielo),Drama|Romance,1/18/2025
1602cffc-a115-438a-b3d3-1850d0136a86,FOURTH,Divanoodle,Don't Go Near the Water,Adventure|Comedy|Romance,2/3/2025
b4d89123-da1a-4820-acf5-4f76cc6f305d,FIRST,Demimbu,Big Man Japan (Dai-Nihonjin),Comedy|Sci-Fi,3/2/2023
199ba883-cb2d-45a2-a39a-920df9d89122,FIRST,Skyble,From Beyond,Horror|Sci-Fi,11/9/2024
78ecae43-d7b6-4acd-bbf1-23190299a695,THIRD,Feedfish,Sibling Rivalry,Comedy,2/26/2024
966a4e6f-ec56-41c3-9da7-9c5e6c093305,FIFTH,Eabox,Voyage of the Damned,Drama,3/21/2024
ae94abaf-e1cf-4f23-bf2e-0f0d0c471fec,SEVENTH,Abatz,Paternity,Comedy|Romance,2/12/2024
673b6716-1db1-4997-a444-a41a23d5b04d,NONE,Eamia,Kiki,Comedy,8/1/2024
22efdcd6-97d3-48f0-b82f-0849a8e94f78,FIRST,Zoomcast,RoboCop 2,Action|Crime|Sci-Fi|Thriller,12/29/2024
e8b803e1-b471-4927-9717-8585d8c24221,FIFTH,Skyndu,Possible Loves (Amores Possíveis),Comedy|Romance,6/7/2023
cfa95436-dccc-41ae-9b24-1e83342938fd,FIFTH,Aimbo,"Garden of Words, The (Koto no ha no niwa)",Animation|Romance,2/9/2024
6f92e79c-f873-4183-9720-ef828727fddb,SECOND,Yakitri,Adventures of Kitty O'Day (Kitty O'Day Comes Through),Comedy|Crime|Mystery|Romance,4/5/2023
23d3bebd-914b-47e1-9f1e-e6a88d6b02f7,FIFTH,Tagopia,"Brothers Lionheart, The (Bröderna Lejonhjärta)",Adventure|Children|Fantasy,5/26/2024
17aa0da5-615e-47d6-b55e-0641b652f5c5,FOURTH,Eidel,Dragon Ball Z: Broly Second Coming (Doragon bôru Z 10: Kiken na futari! Sûpâ senshi wa nemurenai),Action|Adventure|Animation,11/10/2024
74817fd4-0173-4640-8b1c-a9f7f5074128,FIFTH,Avamba,French Fried Vacation 2 (Les bronzés font du ski),Comedy,7/15/2023
e449ce1e-51d5-453c-93fc-35562ce980a6,NONE,Fanoodle,"Legend, The (Legend of Fong Sai-Yuk, The) (Fong Sai Yuk)",Action|Comedy,6/25/2024
603e19f3-a628-42d4-bf28-2690c7953c7e,FOURTH,Bubbletube,Straw Dogs,Thriller,3/19/2023
b34a02d4-28ac-45a9-a678-a5e636ddebae,THIRD,Muxo,Man Of The Moment,Comedy,3/25/2023
6c7dbe5b-2a8c-4f1d-979d-44fd54aa272c,SECOND,Eire,"Watermelon Woman, The",Documentary|Drama,12/12/2023
91d614d1-3677-40dd-b451-d6e219506289,SECOND,Youspan,Kurt Cobain About a Son,Documentary|Musical,12/1/2024
cd386e4d-f655-4784-a701-b16f6172a6eb,SECOND,Skinder,"I Love You, Alice B. Toklas!",Comedy,5/2/2024
343dc3c6-2c90-4513-b269-3bf693637e64,THIRD,Yakitri,To Joy (Till glädje),Drama,7/28/2024
3ad7f0e0-94e1-4353-a43c-5ffd7d0c918c,SIXTH,Skivee,Body Shots,Drama,6/1/2023
18d01662-81b5-40d7-8684-9163c6d6c453,SIXTH,Edgeblab,Plot of Fear,Crime|Mystery|Thriller,4/21/2023
3364383a-9f1f-4d45-962d-e9e3f02d8594,FIFTH,Brainbox,"Last Seven, The",Horror|Mystery|Thriller,6/12/2023
b860f516-2638-4c81-aed2-d081ae21f1ba,SEVENTH,Trupe,Jönssonligan får guldfeber,Comedy,11/10/2024
be11d2e2-23e0-43ad-96d3-874ee116a60d,THIRD,Fliptune,"Corn Is Green, The",Drama,11/5/2023
0f0b4808-7af0-4eda-9b93-955ea45adc4d,THIRD,Mydo,Coming Apart,Drama,10/11/2023
d171c638-df36-4a14-8a6c-dbf41c25fd3c,FIFTH,Meevee,Stalag 17,Drama|War,10/18/2024
f38b0024-dd8c-4e5c-9199-f4dbaec962da,FIFTH,Agivu,Kissing a Fool,Comedy|Romance,12/30/2024
35247d07-80ea-4df1-9277-0405368d6a89,NONE,Yakitri,"Glenn Miller Story, The",Drama,5/3/2024
c3e75f16-83c7-495f-89c0-e8832af36cba,NONE,Rhynoodle,The Vanishing American,Western,4/9/2023
7d80cbd9-9f91-46fc-81a5-4dba5c00c975,FOURTH,Trudeo,Rancho Deluxe,Comedy|Western,8/13/2024
54b02473-4306-4c9b-bc9b-66e6e5e5758a,THIRD,Ntags,Man of Tai Chi,Action|IMAX,5/21/2023
181d68c2-52ec-4d2a-816f-37656d18eb71,SECOND,Meemm,Ride the Pink Horse,Drama|Film-Noir|Mystery|Thriller,8/3/2024
6bf2d9e0-20d7-4ec4-8ff3-a62e770d107a,SIXTH,Avamba,Let's Get Lost,Documentary|Musical,2/29/2024
1951a666-e8ba-4306-ad80-e86af2a561ce,SIXTH,Kaymbo,Onechanbara - Zombie Bikini Squad (a.k.a. Oneechanbara: The Movie),Action|Horror,2/13/2024
572b9af7-6c71-4a2d-b281-6e07b9abeaf0,FIFTH,Youspan,Mickey One,Crime|Drama,3/12/2024
dd91e05b-6387-4c73-941f-b3bbc8ee1d6c,SIXTH,Devbug,Aya of Yop City,Animation|Comedy,4/28/2023
55c8224b-c998-4c26-be05-08b339caa29f,FIFTH,Dynabox,Tabu,Drama|Romance,12/23/2023
52efd798-8c2c-42ae-9d7b-c2a68cf11cb3,SECOND,Skipstorm,Km. 0 - Kilometer Zero (Kilómetro cero),Comedy|Drama,2/8/2024
7ea4fe14-2421-4975-88b9-1b7696a885ed,THIRD,Ntags,"Eighth Day, The (Huitième jour, Le)",Drama,11/13/2024
989f5cde-a875-4659-b097-369a287ed9bc,SECOND,Buzzshare,American Splendor,Comedy|Drama,7/4/2024
70e81e7f-e56f-4e8d-bc4d-9512d3b07ab5,SIXTH,Shufflebeat,Treasure Island,Adventure,11/13/2023
2204414b-a6ef-41e0-9f57-f1f237b9f7d5,SIXTH,Jabberstorm,Girls Gone Dead,Comedy|Horror,3/6/2023
13f9b2b7-c6d6-4422-a262-c8789df958f7,SIXTH,Topicstorm,"Last Days of Pompeii, The (Gli ultimi giorni di Pompeii)",Adventure|Drama,11/23/2023
c2136da8-9517-4297-9ab4-1aab3376d6de,THIRD,Kwinu,Out of Sight,Comedy|Crime|Drama|Romance|Thriller,9/9/2023
360c363f-9d5b-49c4-8ea2-847215cbe72d,THIRD,Feedbug,Taxi 4,Action|Comedy,12/21/2023
ef413356-3d6b-4204-a49e-f7b1ac90ab88,NONE,Geba,Backfire,Crime|Film-Noir|Mystery|Romance|Thriller,11/11/2023
43878d6b-edcf-4170-998e-1a385a8c79eb,FOURTH,Lajo,Ticked-Off Trannies with Knives,Action|Comedy|Crime|Horror|Thriller,11/9/2024
5aa3638f-3ed9-4b27-8cea-066bd30bd1b3,SIXTH,Skyba,Woodsman and the Rain (Kitsutsuki to ame),Comedy|Drama,8/21/2023
824e7a6a-6f80-4ca6-a0ac-29a04e58f063,FOURTH,Oyoba,Talk of Angels,Drama,2/9/2024
760df320-3a74-48f0-9b35-f3b37e49f28c,FOURTH,Yata,Sun Alley (Sonnenallee),Comedy|Romance,1/25/2025
34a522d7-48f2-4ba5-bd0f-2a572ad61db3,FIRST,Topicshots,Foo Fighters: Back and Forth,Documentary|Musical,9/12/2023
fce7bca5-4a37-4bfe-a6f5-d5873b6c5797,FIRST,Oyondu,Queen Christina,Drama|Romance,11/3/2023
e0ecf5bb-53c9-44b1-bd7e-dcf24c17047c,SEVENTH,Flipstorm,"Short Game, The",Documentary,1/21/2025
d4ada656-063c-4d5f-bdc4-2040279c4c2e,SECOND,Yozio,IMAX: Hubble 3D,Documentary|IMAX,11/9/2024
b4736ac6-d4ba-4bd7-8c2e-799ccb7082de,FIRST,Npath,Broadway Rhythm,Musical,4/7/2024
0dc4cfe7-9841-407d-882d-b72ad3bb278e,FIRST,Yabox,Ocho apellidos vascos,Comedy,7/9/2023
63c2ec87-05d8-4f93-85b2-11ff5267f914,FIFTH,Tavu,Decoding the Past: Secrets of the Koran,Documentary,11/15/2024
49557a29-bcc7-42d4-9ec2-aea81e8ca15f,SEVENTH,Edgetag,Satin Rouge,Drama|Musical,3/10/2023
f4771a26-790f-4fab-8478-126fc7306a11,NONE,Gabtype,Tarzan's Magic Fountain,Action|Adventure|Fantasy|Romance,8/18/2023
2ceaea0a-3c39-42d3-9323-e9aacc18f2ac,NONE,Zooveo,Angels in America,Drama|Fantasy,3/26/2024
d6fc939a-48b4-42a0-9610-f3842ca4197b,FIRST,Roodel,Zoot Suit,Drama|Musical,11/5/2024
074fcef5-c037-48c3-b690-bd7093b93045,FIFTH,Bubblebox,Dom Hemingway,Comedy|Crime|Drama,3/13/2024
7d777178-f416-406a-baa1-6548b844a054,SECOND,Babbleopia,Only Daughter,Drama,2/14/2024
f4567449-c66d-4e8a-8eb7-477594a9204f,SECOND,Meemm,Riviera,Comedy|Drama,3/27/2024
6e428507-7b6e-4360-b88e-2a5aa52490bf,FIRST,Flipopia,Tevye,Drama,12/5/2023
a2e698e8-d635-4656-89d2-4ebf6e43770b,FIRST,Izio,Dragonlance: Dragons of Autumn Twilight,Action|Adventure|Animation|Fantasy,5/1/2024
0ebe1956-9893-4281-bcac-80e2a4c50f3d,SIXTH,Topicstorm,Love Is Strange,Drama,3/21/2023
012dc195-e378-47f3-a983-aa1f871b949b,SEVENTH,Thoughtmix,Silent Hill,Fantasy|Horror|Thriller,4/2/2024
a5187d7c-1e0c-4e38-bb85-6752784903dc,SIXTH,Quinu,After School Midnighters (Hôkago middonaitâzu),Action|Animation|Children|Comedy|Fantasy,12/21/2023
ef0e7ef8-c8fb-4cfc-a859-955f14ff79cc,FOURTH,Fivespan,Grateful Dawg,Documentary,8/12/2024
83506554-4052-4177-b67e-5391730b2879,THIRD,Centidel,Reality,Comedy,5/3/2023
4beac972-1e62-4f95-befa-2319ee7b6fb4,SEVENTH,Fliptune,You and Me (Ty i ya),Drama,5/13/2023
c1a3291b-7fae-4e89-b397-ea6479fcd3be,FIFTH,Feednation,"Pallbearer, The",Comedy,7/10/2023
d4b28a50-5842-4a99-b444-128c0f19d2ea,FIFTH,Meetz,Big Shot: Confessions of a Campus Bookie,Drama,9/11/2024
8285438b-7a2d-45fe-b22e-d4504c0a8d64,FIRST,Kamba,Wild Tigers I Have Known,Drama,12/13/2024
b60058f7-c467-4c0e-8945-af42d39d2add,SIXTH,Dabfeed,"Goodbye, 20th Century",Drama|Sci-Fi,5/1/2023
94e9f89f-cf2d-4385-a2f1-b3c18443cac1,FIFTH,Eimbee,"Come Back, Little Sheba",Drama,5/14/2024
96760d73-9809-4326-8329-e570a03526cd,FOURTH,Jaxbean,Tin Cup,Comedy|Drama|Romance,9/11/2024
b15a8c8e-d014-4fe9-af8e-9f3e68fe19e2,FOURTH,Meezzy,Smashed,Comedy|Drama,3/14/2024
6c69d766-980f-477a-9403-a3846507f932,THIRD,Tavu,Cry Freedom,Drama,10/25/2024
5e3bb613-0646-4472-9973-5d5edcdf3b97,SEVENTH,Jabbersphere,David Cross: Let America Laugh,Comedy|Documentary,5/29/2023
62e3c019-751c-4bdb-a87a-508c740dedb3,SIXTH,Thoughtblab,Pekka ja Pätkä Suezilla,Comedy,10/15/2024
ab9b5caa-8bf5-47ea-8aee-1aab3a222dcd,FOURTH,Wikido,Wicked Little Things,Horror,2/4/2024
8511c76d-e783-43b1-a6b6-79b1d4cb061f,FOURTH,Vinder,Dream House,Drama|Mystery|Thriller,1/20/2024
da4e7ec7-f3d0-4094-956b-ae8900c62f26,SIXTH,Wikizz,If Only,Drama|Fantasy|Romance|Thriller,8/29/2024
d5b1b2ef-de34-4a33-b8d1-a41b23db6f9c,FOURTH,Devbug,Guest of Cindy Sherman,Documentary,2/9/2024
747c9890-0fab-43ac-805f-61d67741fc76,FIFTH,Lajo,Destroy All Monsters (Kaijû sôshingeki),Action|Sci-Fi|Thriller,10/19/2023
8be9213a-3eee-4e62-b5e8-a8fa7b762305,SECOND,Skyble,"Firm, The",Drama,9/26/2024
d0fab9ab-ac37-4c4d-a60e-a09f0edb1f3e,SEVENTH,Jamia,"Center Stage (Ruan Lingyu) (Actress, The) (New China Woman, The)",Drama|Romance,5/31/2023
471451f6-b814-4da2-8ae9-6703ef542ce5,FOURTH,Bluejam,Death in Buenos Aires (Muerte en Buenos Aires),Crime|Drama|Romance,1/21/2025
619cd66d-6035-48eb-8f9a-5c3126e54b6c,SIXTH,Vitz,Bright Lights (Adventures in Africa),Drama|Musical,10/26/2023
f6e46119-1cd2-4119-b3b7-8966c6e7f5d5,SECOND,Meemm,Blue,Romance|Western,5/27/2024
c220c70b-027c-4eeb-af3f-8ed9c62217cc,SEVENTH,Yabox,Learning to Ride,Drama|Romance,7/5/2023
ee1ddf38-d575-48a6-a1e3-9acdc90d606e,FOURTH,Gigabox,"Tempest, The",Comedy|Drama|Fantasy,7/7/2023
3eaf93ec-681b-4fe3-8942-cd5b174ba0ce,FIFTH,Dazzlesphere,True Lies,Action|Adventure|Comedy|Romance|Thriller,12/17/2023
d6d91f95-5bd0-4698-9278-90b15543ab2c,NONE,Bubblemix,Torn,Drama,3/20/2023
79b0b516-d57a-4de0-9c43-3e44dc53ecd1,SIXTH,Wikizz,"13 Frightened Girls! (Candy Web, The)",Adventure|Comedy|Thriller,12/11/2024
f5b2389a-4f38-4518-8ec5-3621808281c1,SEVENTH,Twimbo,"Dawn Patrol, The",Drama|War,2/6/2025
0e9e58e0-aa11-4659-976c-89a73df8f035,FOURTH,Browseblab,"Way You Wanted Me, The (Sellaisena kuin sinä minut halusit)",Drama|Romance,9/18/2024
d071e4ed-a965-4f8d-81da-66739dd316b0,FOURTH,Zazio,Silent Fall,Drama|Thriller,6/22/2023
41f8fcd5-8021-4da7-8b8a-a8e38165f687,SEVENTH,Oyoba,Blue Jasmine,Drama,10/4/2023
7dafa7a9-4c04-4295-a0e5-c15169f84e99,NONE,Skilith,Outside the Law (Hors-la-loi),Crime|Drama|War,7/12/2023
1fc9db7c-535a-4562-8654-655fb913ae7f,FIRST,Realmix,"Dirty Dozen: Next Mission, The",Action|War,3/20/2024
bddc680b-8163-4626-b87d-d5aa68f5941a,SIXTH,Browsebug,Breakout,Action,5/14/2024
d4428c54-a740-4c27-9a51-e7b7e1b504a5,FOURTH,Trilia,Mildred Pierce,Drama|Film-Noir,6/24/2024
a2c37b27-aa19-4da8-a33e-835748299174,THIRD,Kwinu,Day of the Dead,Horror|Sci-Fi|Thriller,3/31/2024
58ef62a5-cc45-4e47-994f-a79fab2c428a,FOURTH,Skyba,French Fried Vacation 2 (Les bronzés font du ski),Comedy,1/25/2025
1bd3c9b4-08d4-4916-bd23-d301ef6ee040,FOURTH,Mynte,The Face of Marble,Horror,5/9/2024
ca1251d5-846c-4aed-b9bd-d44f3a1e82ab,NONE,Rhyzio,"Tsatsiki, Morsan och Polisen",Drama,12/18/2024
ddea6d27-d3c4-400d-ade9-71f9047121e7,FOURTH,Snaptags,Attack of the 50ft Cheerleader,Comedy,12/17/2024
5ee829ef-b959-4bc6-b04f-c5462972bc2b,THIRD,Wordtune,Any Number Can Win (Mélodie en sous-sol ),Crime,6/12/2024
fdc9f013-602a-4877-95e7-2fcb0d6c2489,SECOND,Ailane,"Card Player, The (Il cartaio)",Crime|Horror|Mystery|Thriller,5/9/2023
6c3871c9-39e9-4332-9ba0-3ddaa945d020,SEVENTH,Divavu,Best of the Best,Action,11/16/2024
f880ed6b-b350-4503-92ae-e07fb1d1c092,SIXTH,Miboo,Wake,Comedy|Drama|Romance,10/1/2024
f15954fa-d304-436c-ac76-622dcb26c174,THIRD,Photobug,Pulse,Horror|Sci-Fi|Thriller,3/17/2023
67fc78a6-fbc6-4d89-8d1a-75f9e028a673,THIRD,Mynte,All Over the Guy,Comedy,11/25/2023
54f14d88-9979-4951-acf5-de7be2507788,SECOND,Yakitri,1969,Drama|War,8/11/2024
f2cfd6c7-0442-4e9f-81f2-2ac598ebe19e,FIRST,Linktype,Best Defense,Comedy|War,3/30/2024
80b6ad65-b044-44d1-9800-8709245450ed,FIRST,Tazzy,Bunny and the Bull,Adventure|Comedy|Drama,12/26/2023
caaab34e-c41c-4cec-b58c-6d145a74328d,SIXTH,Wikizz,Caught,Drama,8/17/2023
7bbf740d-96ee-4f13-8b57-2a28d6cdaa02,SIXTH,Topicshots,"Grass Harp, The",Comedy|Drama,5/21/2023
41ad8424-b4d7-43a1-9e5c-04ff9ecde63c,SIXTH,Mydeo,Rape Me (Baise-moi),Crime|Drama|Thriller,7/16/2023
a88b002f-41d6-4221-85ab-3931264777aa,SEVENTH,Browseblab,Lassie Come Home,Adventure|Children|Drama,8/18/2024
9962cae1-53cf-40cb-9d32-f3304676f2d3,SIXTH,Blogtag,Thirteen Women,Drama|Mystery,4/25/2024
4ba9151d-b953-45a3-a070-ec701c3662c2,FOURTH,Twiyo,Letters from a Killer,Crime|Drama|Mystery|Thriller,9/7/2023
cda4ad90-b7d4-4727-aea2-ad5147de81d1,SIXTH,Zoomlounge,If You Only Knew,Comedy|Romance,9/10/2024
c82bede6-8ce6-4036-97f1-fa0e673533ab,SIXTH,Zoomlounge,Xuxa in Crystal Moon,Children|Comedy|Romance,3/25/2024
e2078b85-f8e3-4718-9a25-db72c7940af5,NONE,Vinder,Gozu (Gokudô kyôfu dai-gekijô: Gozu),Comedy|Crime|Drama|Horror|Mystery,7/14/2024
9216c506-1733-4a3c-9e2e-33af3c89ccfa,FOURTH,Yotz,Don't Give Up the Ship,Comedy,1/12/2025
0e1ec0b8-beff-4b58-8545-e90dacf987dc,FIRST,Viva,Two Thousand Maniacs!,Horror,11/27/2024
4a2a02fb-8d88-4d28-ba5c-fe970977241b,SIXTH,Skinder,"Violent Men, The",Western,6/14/2024
6f20b637-b4ea-438e-9ca6-e7d2b67809d0,SEVENTH,Jabberstorm,"Angel Levine, The",Comedy|Drama,3/3/2023
11a4185c-8698-4212-ad8d-16b3a4cd0a79,FIFTH,Buzzshare,Hunger (Sult),Drama,5/4/2024
a74d8899-b52e-499d-ac3f-ddb89223ecd0,NONE,Blogtag,"Good Men, Good Women (Hao nan hao nu)",Drama|Romance,8/25/2023
e9dce3ca-660e-4471-90c6-e8c858c588ec,NONE,Centimia,"Vikings, The",Action|Adventure,7/19/2024
27655e8f-f3c4-41df-a83c-525e84c7e0c2,THIRD,Oyoloo,Belle,Drama,11/28/2024
310c1bce-8d3f-4ed2-a289-d6d2d00b0808,NONE,Kazio,Queen Kelly,Drama,3/16/2024
0f27f586-01a6-41f3-8774-ea7e78130ce3,FIFTH,Zoonoodle,Chesty: A Tribute to a Legend,Documentary,9/15/2024
6c6323db-209d-48c3-ad6c-cd8ee26de0f5,NONE,Topicstorm,Only Yesterday (Omohide poro poro),Animation|Drama,7/23/2023
b02166eb-619f-4176-8d53-2c92d9f39587,FIRST,Dabfeed,"Russia House, The",Drama|Thriller,7/4/2023
a6fda742-1bf1-4376-a604-bc1fc9bb7130,FOURTH,Twimbo,Min and Bill,Comedy|Drama,9/16/2023
2b4c3dca-440e-45d6-adc0-446463618f64,FIFTH,Chatterbridge,Little Big Man,Western,9/21/2023
e9cd1bfb-313e-4837-8cf3-3713435fa5c6,SECOND,Trilia,"No. 1 Ladies' Detective Agency, The",Comedy|Crime|Mystery,9/4/2024
ba71a476-496d-4a2d-b4cb-8f455f7cf6f4,SIXTH,Mycat,Watership Down,Adventure|Animation|Children|Drama|Fantasy,12/20/2023
d257c065-6221-4c33-99d6-8d1ada0b3c0c,SIXTH,Meedoo,"Big Picture, The (L'homme qui voulait vivre sa vie)",Drama,1/25/2024
5c7f4595-85d1-40ab-9dbe-fc43a92e8198,SEVENTH,Divape,Tarnation,Documentary,12/9/2023
e0b9e45c-ccb2-41db-86d0-5c2887271daf,FOURTH,Skipfire,Tango & Cash,Action|Comedy|Crime|Thriller,9/11/2023
9058b409-e8f8-4b36-bb04-274d9304c2b7,SECOND,Avaveo,Dinosaurs: A Fun Filled Trip Back in Time,Animation|Children,1/17/2024
96bcd5da-b849-41fe-a968-607b274b50bc,FIFTH,Vimbo,Manos: The Hands of Fate,Horror,6/22/2024
7ead94da-bbc4-4939-85d2-896b391f54c8,NONE,Bubbletube,The Dark Valley,Western,3/20/2023
c56afe74-d566-4663-95ac-10d57f152e5f,FIRST,Wordware,Alabama Moon,Adventure|Children|Drama,1/9/2024
fe726d66-3d3c-442f-8aff-13450d42e0ed,FIRST,Lazzy,"Bird with the Crystal Plumage, The (Uccello dalle piume di cristallo, L')",Crime|Horror|Mystery|Thriller,11/12/2023
602ac133-f303-4cdd-8155-1ad23a928fb1,NONE,Realbuzz,Goya's Ghosts,Drama,3/17/2024
9216eb07-6025-441e-a0c2-eb85e63737c3,NONE,Tanoodle,I'm Here,Drama,5/3/2024
bca3df0d-2731-471c-bde1-16ab77205c64,THIRD,Livefish,"Big Hangover, The",Comedy,5/26/2024
5dbbb5c3-175b-46a4-8ec8-7c4af82105ee,SEVENTH,Layo,"Moustache, La",Drama|Mystery|Thriller,3/29/2024
b43ba158-33d1-4818-9e22-f94de5f81be7,FIRST,Fivechat,Arthur Christmas,Animation|Children|Comedy|Drama,7/7/2023
89514449-73e6-42ee-bef8-950efaf880af,FIFTH,Eare,A Master Builder,Drama,6/15/2024
f878d4b3-a078-4c74-82b3-552c47ec73b8,FIFTH,Shufflebeat,The Radio Pirates,Children|Comedy,4/5/2023
306689e2-5ef5-4980-8caa-27ba350b7410,FIRST,Yozio,"Jericho Mile, The",Crime|Drama,6/29/2024
510f938a-5f57-4b87-a46e-07809ea020c1,FIFTH,Tagopia,Jungle Fever,Drama|Romance,9/22/2024
5a8e1b4e-66c8-4b69-9978-0639d0cd8141,SECOND,Agivu,Runner Runner,Crime|Drama|Thriller,10/22/2023
72f47924-4899-43b3-a343-fcc78ce0aa84,SIXTH,Vinder,"Kidnapping, Caucasian Style (Kavkazskaya plennitsa)",Comedy|Romance,4/3/2023
6690b48c-98a9-44e4-92bf-529b3df82ecd,SECOND,Realbuzz,Happiness,Documentary,6/12/2023
21c71e24-f700-4dd4-925b-c85cd1868a77,SIXTH,Jamia,"Mating Habits of the Earthbound Human, The",Comedy|Sci-Fi,11/9/2023
f370435d-af2b-4a2e-8bf2-00ca20a74be8,THIRD,Jabbersphere,"Merchant of Four Seasons, The (Händler der vier Jahreszeiten)",Drama,3/10/2024
72431c28-2632-4e41-86f7-c168f22197ae,NONE,Blogpad,Awake,Drama|Thriller,9/21/2024
b486b4f0-7d39-43dd-b664-5350ef8179c2,FOURTH,Skiptube,Jungle Fighters,Drama|War,12/14/2023
eb76506b-71bc-4807-9b7f-bb437ba0b981,FIRST,Blognation,Shoot-Out at Medicine Bend,Western,2/25/2024
9f68bd95-c5d4-433e-83ea-44682a2efd1e,FIFTH,Realblab,Love,Drama|Sci-Fi,11/1/2024
277ceca2-a593-4e3c-8221-03bb172be707,FIRST,Topicblab,Fame High,Documentary,11/13/2024
57e139f9-6c68-4618-af19-3bcb2a1019d6,FOURTH,Ailane,Sherlock Holmes Faces Death,Crime|Mystery,12/31/2024
de8d1721-a328-49a2-b03a-f79f63fa1cc6,THIRD,Voolia,Night of the Zombies (a.k.a. Hell of the Living Dead) (Virus),Action|Horror|Thriller,10/14/2023
1439ceab-10f5-41a9-8333-8de2f0632ecc,SECOND,Meejo,Dersu Uzala,Adventure|Drama,7/31/2024
88999b3c-5118-41cd-998f-88c2cd6545b0,SIXTH,Myworks,Under Suspicion,Crime|Thriller,5/30/2023
d0ad9e64-8021-4f14-8f98-3410bb071e29,NONE,Dynabox,Toy Story That Time Forgot,Animation|Children,11/12/2023
5576b5fc-9c86-4e63-b322-af37288b7e9e,FIRST,Yotz,Oliver!,Drama|Musical,8/16/2023
8fa23a9c-2544-46e7-8d72-1d1419375576,FIRST,Innotype,"Christmas Carol, A",Children|Drama|Fantasy,11/15/2024
df181163-4964-46fe-bc67-ddb7fb789081,SEVENTH,Thoughtblab,"Galapagos Affair: Satan Came to Eden, The",Crime|Documentary|Mystery,9/16/2024
c6647745-85a0-466a-9d18-a38ff2e4eda4,FIRST,Kimia,Stowaway,Adventure|Musical,8/24/2024
db14652e-6bb1-46ae-89e2-86a7dde97309,FIFTH,Quatz,"Hound of the Baskervilles, The",Crime|Horror|Mystery,10/12/2023
f96bba17-1434-4dc1-bdbb-11d46e45734c,SECOND,Babblestorm,Let's Be Cops,Comedy|Crime,12/10/2023
1385f8b4-1b5c-40ac-8b7d-3a1411c49ad2,SIXTH,Talane,"Dark at the Top of the Stairs, The",Drama,9/30/2023
e3ef7901-a997-46cc-a309-c7b83f24b03d,THIRD,Dabtype,"Red Badge of Courage, The",Drama|War,4/10/2023
4b0a0a1d-efb5-4bef-bfb1-fa35ace40c20,FIFTH,Edgeblab,My Chauffeur,Comedy,11/22/2023
834af7dc-6a5a-43f8-a77f-2f82a6233666,SEVENTH,Divape,Mariage à Mendoza,Comedy|Drama,4/20/2024
9c251645-77bf-4602-becd-24b41ae50df4,THIRD,Voolith,Ambush (Rukajärven tie),Drama|Romance|War,3/22/2023
0361cda3-a5bc-4b3f-a538-7ef6f98d6ffe,FIRST,Skivee,Ugly,Mystery|Thriller,7/16/2023
ec08d1e6-92f3-46c2-96b8-a1fc4910c16d,FIFTH,Flipopia,Proof,Comedy|Drama|Romance,7/6/2024
d9593ff6-3acc-44da-8cff-63a1ac6d82d5,FIRST,Bubblebox,"Prisoner of Shark Island, The",Drama,8/17/2023
34b8114b-1cff-481c-94c7-894d7f60b9e7,SEVENTH,Innojam,"Beast of Yucca Flats, The",Horror|Sci-Fi,8/19/2024
6992f02c-d52f-43b3-ab4f-831951bf74d2,SECOND,Eabox,"Caretakers, The",Drama,10/11/2024
a60441cc-7cd0-4297-b45d-905eb1ebe65c,FIFTH,Riffpath,Starship Troopers 2: Hero of the Federation,Action|Horror|Sci-Fi|War,10/26/2024
ca7e2534-61f9-4cb6-8cdd-35f99567be6b,FOURTH,Skyvu,Never Die Alone,Crime|Drama|Thriller,11/25/2023
4c1f0a90-eab3-4f0e-9d63-5af56871bc93,FIFTH,Linkbridge,"Wonderful Crook, The (Pas si méchant que ça)",Crime|Drama|Romance,8/19/2023
be856ef6-8832-4c02-b92a-9a1e58f87c9f,SEVENTH,Tambee,"Black Power Mixtape 1967-1975, The",Documentary,3/5/2023
e6ebe781-f6d8-4aa1-bf15-4ea032885241,FIRST,Viva,Barbarian Queen,Action|Adventure|Fantasy,1/17/2025
0f420bf2-16f9-4de0-9afc-925af8f9f656,FIFTH,Meejo,The Crowded Sky,Action|Adventure|Drama,12/6/2024
b844c626-d63b-454f-826e-ea413d90269d,SIXTH,Jabbersphere,Freedom Downtime,Adventure|Crime|Documentary,9/16/2024
3ed47013-7be1-48d2-934a-21d7e29f6ccf,SIXTH,Feedfish,Fox and His Friends (Faustrecht der Freiheit),Drama,12/12/2024
54f4a3f3-0ff2-4fb4-baa4-22f5f3ba8dbc,FIFTH,Tanoodle,When Night Is Falling,Drama|Romance,12/30/2023
cc2a01fb-17b8-4792-92de-031c22060d68,SECOND,Fliptune,Chasing Papi (a.k.a. Papi Chulo),Comedy,11/30/2023
3b25979a-86f4-4ecc-abcf-f853409c9d8e,THIRD,Gabtune,Princess Mononoke (Mononoke-hime),Action|Adventure|Animation|Drama|Fantasy,7/11/2023
6a10f5e2-5e76-4d65-9b7c-902513645133,SIXTH,Yozio,"Ditchdigger's Daughters, The",Drama,9/29/2023
